ShapeSize,#input,#output,#op,RealNdpxCost
6291456,6,5,10,4007986
6291456,5,4,8,3087633
1572864,6,5,10,967761
6291456,4,3,6,2395780
1572864,4,3,6,579519
1572864,3,2,4,385381
1572864,3,2,4,401800
24576,2,1,1,3220
1572864,2,1,3,84098
32768,8,1,20,3926
1572864,4,1,4,225472
1572864,4,1,4,216845
46881792,8,3,14,7578208
1572864,4,1,4,225030
24576,2,1,1,3298
1572864,4,1,4,224744
24576,2,1,1,3221
24576,2,1,1,3221
24576,2,1,1,3221
24576,2,1,1,3221
24576,2,1,1,3220
24576,2,1,1,3220
24576,2,1,1,3221
24576,2,1,1,3220
24576,2,1,1,3221
24576,2,1,1,3220
1572864,4,1,4,243458
1572864,2,1,3,84382
1572864,4,1,4,224593
1572864,4,1,4,224951
1572864,4,1,4,245400
1572864,4,1,4,224700
64,3,1,4,361
1572864,2,1,3,84096
1572864,2,1,3,84374
1572864,4,1,4,245776
1536,3,1,6,537
1572864,4,1,4,215723
1572864,4,1,4,216472
1572864,2,1,3,84429
1572864,4,1,4,223793
1572864,4,1,4,216223
1572864,2,1,3,84727
1572864,4,1,4,224568
1572864,2,1,3,84020
1572864,4,1,4,216261
1572864,4,1,4,224221
24576,2,1,1,3220
1572864,4,1,4,220112
24576,2,1,1,3222
24576,2,1,1,3221
24576,2,1,1,3222
24576,2,1,1,3298
24576,2,1,1,3222
24576,2,1,1,3221
24576,2,1,1,3223
1572864,2,1,3,84470
1572864,4,1,4,223961
24576,2,1,1,3220
1572864,2,1,3,84483
1572864,4,1,4,218615
1572864,4,1,4,215192
1572864,2,1,3,84282
1572864,2,1,3,84658
1572864,4,1,4,216099
64,3,1,5,391
1572864,4,1,4,217004
24576,2,1,1,3222
24576,2,1,1,3222
24576,2,1,1,3222
24576,2,1,1,3286
24576,2,1,1,3222
24576,2,1,1,3221
24576,2,1,1,3222
24576,2,1,1,3220
24576,2,1,1,3220
24576,2,1,1,3220
24576,2,1,1,3222
24576,2,1,1,3222
24576,2,1,1,3220
24576,2,1,1,3223
24576,2,1,1,3222
233472,1,1,1,10801
6291456,4,1,26,438169
12582912,4,1,15,723087
12582912,4,1,15,722801
12582912,5,1,16,809218
12582912,5,1,16,808956
6291456,4,1,26,496398
1572864,2,1,11,83492
1572864,2,1,11,82371
4718592,36,24,106,6106195
6291456,4,1,26,497040
12582912,5,1,16,808386
12582912,4,1,15,722429
4718592,36,24,106,6103401
1572864,2,1,11,82038
1572864,2,1,11,82512
12582912,4,1,15,779060
6291456,4,1,26,438725
12582912,5,1,16,753696
6291456,4,1,26,438859
6291456,4,1,26,440008
12582912,4,1,15,724388
1572864,2,1,11,82143
6291456,4,1,26,470042
1572864,2,1,11,82867
12582912,4,1,15,723464
1572864,2,1,11,82974
12582912,5,1,16,808392
12582912,4,1,15,720900
12582912,5,1,16,808333
12582912,5,1,16,754275
6291456,4,1,26,465986
1572864,7,1,23,158303
6291456,4,1,15,359175
6291456,4,1,15,364412
1572864,2,1,11,83544
12582912,4,1,15,722004
12582912,5,1,16,745716
6291456,4,1,26,462441
1572864,2,1,11,83123
12582912,4,1,15,735970
12582912,5,1,16,787958
6291456,4,1,15,359033
6291456,4,1,15,359427
6291456,4,1,15,359944
6291456,4,1,15,364555
6291456,4,1,15,359073
6291456,4,1,15,358471
6291456,4,1,15,359064
6291456,4,1,15,360316
6291456,4,1,15,361434
6291456,4,1,26,438342
12582912,5,1,16,808180
1572864,2,1,11,83478
12582912,5,1,16,856941
12582912,4,1,15,722194
1572864,1,1,1,191270
1572864,1,1,1,191125
1572864,1,1,1,191180
1572864,1,1,1,191204
1179648,1,1,1,53304
1179648,1,1,1,53304
1179648,1,1,1,53304
1572864,1,1,1,191197
1572864,4,1,17,230182
4718592,20,12,54,3052474
1572864,1,1,1,191185
1179648,1,1,1,53304
1572864,1,1,1,191201
1572864,1,1,1,191194
1179648,1,1,1,53304
1572864,1,1,1,191281
1572864,1,1,1,191163
1572864,1,1,1,191235
1572864,1,1,1,191232
1179648,1,1,1,53304
1179648,1,1,1,53304
1179648,1,1,1,53303
1179648,1,1,1,53305
1179648,1,1,1,53304
1179648,1,1,1,53304
1179648,1,1,1,53304
1179648,1,1,1,53304
1179648,1,1,1,53304
1179648,1,1,1,53305
1179648,1,1,1,53304
1179648,1,1,1,53304
1179648,1,1,1,53310
1179648,1,1,1,53303
1179648,1,1,1,53304
1179648,1,1,1,53304
1179648,1,1,1,53304
1179648,1,1,1,53304
1572864,1,1,1,191213
1572864,1,1,1,191150
1179648,1,1,1,53305
1179648,1,1,1,53304
1179648,1,1,1,53304
1179648,1,1,1,53304
1179648,1,1,1,53304
1179648,1,1,1,53305
1179648,1,1,1,53303
1179648,1,1,1,53304
1179648,1,1,1,53304
1179648,1,1,1,53304
1179648,1,1,1,53304
1179648,1,1,1,53303
1179648,1,1,1,53304
1179648,1,1,1,53304
1179648,1,1,1,53319
1179648,1,1,1,53304
1179648,1,1,1,53304
1179648,1,1,1,53304
1179648,1,1,1,53304
1179648,1,1,1,53305
1179648,1,1,1,53304
1179648,1,1,1,53304
4718592,20,12,54,3053555
1179648,1,1,1,53304
1179648,1,1,1,53304
1179648,1,1,1,53304
1179648,1,1,1,53304
233472,6,1,11,14217
9280512,3,1,4,1222008
1572864,2,1,2,195936
4718592,1,1,1,229906
4718592,1,1,1,212872
4718592,1,1,1,220964
4718592,1,1,1,212304
4718592,1,1,1,232644
4718592,1,1,1,219577
4718592,1,1,1,220978
4718592,1,1,1,220974
4718592,1,1,1,220961
4718592,1,1,1,220964
4718592,1,1,1,220957
4718592,1,1,1,222784
4718592,1,1,1,231324
4718592,1,1,1,213107
4718592,1,1,1,214157
4718592,1,1,1,241561
4718592,1,1,1,230382
4718592,1,1,1,212305
4718592,1,1,1,220973
4718592,1,1,1,225763
4718592,1,1,1,213383
1572864,3,2,4,385918
1572864,5,2,13,405303
1179648,12,6,28,381534
1572864,6,5,10,970885
1572864,6,5,10,1000854
1536,20,12,61,1896
6144,20,12,58,3721
1536,24,14,69,1575
1536,40,23,125,2368
32,9,4,20,564
32,3,1,11,430
512,2,1,4,371
524288,3,2,13,82069
1024,3,2,34,580
262144,3,2,13,40605
16384,1,1,2,1047
16384,1,1,0,1044
16384,1,1,0,1044
1024,3,0,438,1952
32,4,1,13,430
32,2,1,4,397
32,2,1,1,342
262144,1,1,2,12089
524288,3,2,11,77103
262144,1,1,0,12087
524288,1,1,0,23863
32,1,1,1,335
16384,2,1,1,2296
32,2,1,1,339
32,2,2,4,354
15104,3,1,6,2186
1449984,5,1,6,218611
1449984,3,1,4,187413
1449984,2,1,2,178515
1449984,2,1,2,179241
1449984,2,1,2,191463
32,1,1,1,335
512,2,1,1,368
512,2,1,1,368
512,2,1,1,368
512,2,1,1,368
512,2,1,1,368
512,2,1,1,368
512,2,1,1,368
1024,2,1,1,391
512,2,1,1,368
512,2,1,1,368
1024,2,1,1,391
512,2,1,1,370
512,2,1,1,368
512,2,1,1,368
512,2,1,1,368
1024,2,1,1,391
512,2,1,1,368
512,2,1,1,368
512,2,1,1,368
256,2,1,2,345
98304,5,1,7,14435
98304,8,1,10,9907
98304,8,1,10,9107
98304,5,1,7,14675
98304,8,1,10,10621
98304,5,1,7,14932
98304,5,1,7,14307
98304,8,1,10,9069
12288,2,1,2,1682
512,2,1,1,368
98304,8,1,10,10287
98304,5,1,7,14707
98304,8,1,10,10145
98304,5,1,7,14894
32,4,2,4,378
512,2,1,1,368
512,2,1,1,368
512,2,1,1,368
512,2,1,1,381
12288,2,1,1,1830
12288,2,1,1,1830
12288,2,1,1,1830
512,2,1,1,368
12288,2,1,1,1830
12288,2,1,1,1830
12288,2,1,1,1830
12288,2,1,1,1830
12288,2,1,1,1830
12288,2,1,1,1830
12288,2,1,1,1830
12288,2,1,1,1830
12288,2,1,1,1860
12288,2,1,1,1830
12288,2,1,1,1830
12288,2,1,1,1830
512,2,1,1,368
512,2,1,1,368
512,2,1,1,368
512,2,1,1,368
512,2,1,1,368
1024,2,1,1,391
512,2,1,1,368
12288,2,1,1,1830
12288,2,1,1,1830
12288,2,1,1,1865
12288,2,1,1,1830
12288,2,1,1,1865
12288,2,1,1,1865
12288,2,1,1,1830
12288,2,1,1,1830
12288,2,1,1,1865
12288,2,1,1,1830
98304,7,3,13,27057
12288,6,0,8,1044
12288,6,0,8,1013
98304,7,3,13,28254
12288,6,0,8,1031
12288,6,0,8,1119
98304,7,3,13,28620
12288,6,0,8,982
98304,7,3,13,27057
12288,6,0,8,1044
98304,7,3,13,26815
12288,6,0,8,1089
2818048,2,1,1,151676
3014656,3,1,2,159354
3014656,3,1,2,161757
2818048,3,1,2,152014
2818048,3,1,2,152359
3014656,3,1,2,161760
2818048,3,1,2,150964
2818048,3,1,2,150499
1884160,7,3,13,304311
3145728,1,1,1,141643
3145728,1,1,1,141745
3145728,1,1,1,141643
3145728,1,1,1,141745
512,27,18,73,1130
6291456,6,5,10,4007986
6291456,5,4,8,3087633
1572864,6,5,10,967761
6291456,4,3,6,2397894
1572864,4,3,6,579519
1572864,3,2,4,385381
1572864,3,2,4,401801
24576,2,1,1,3220
1572864,4,1,3,87032
32768,10,1,20,4644
1572864,4,1,4,225549
1572864,4,1,4,216776
46881792,12,3,14,7584159
1572864,4,1,4,224254
24576,2,1,1,3298
1572864,4,1,4,224706
24576,2,1,1,3220
24576,2,1,1,3220
24576,2,1,1,3220
24576,2,1,1,3220
24576,2,1,1,3220
24576,2,1,1,3220
24576,2,1,1,3220
24576,2,1,1,3220
24576,2,1,1,3220
24576,2,1,1,3220
1572864,4,1,4,243623
1572864,4,1,3,86590
1572864,4,1,4,224849
1572864,4,1,4,224832
1572864,4,1,4,245380
1572864,4,1,4,224945
64,3,1,4,361
1572864,4,1,3,86997
1572864,4,1,3,87029
1572864,4,1,4,246853
1536,4,1,6,530
1572864,4,1,4,216069
1572864,4,1,4,216824
1572864,4,1,3,87079
1572864,4,1,4,223751
1572864,4,1,4,216279
1572864,4,1,3,86825
1572864,4,1,4,223831
1572864,4,1,3,86949
1572864,4,1,4,215468
1572864,4,1,4,224164
24576,2,1,1,3220
1572864,4,1,4,220226
24576,2,1,1,3222
24576,2,1,1,3220
24576,2,1,1,3222
24576,2,1,1,3298
24576,2,1,1,3222
24576,2,1,1,3220
24576,2,1,1,3222
1572864,4,1,3,87094
1572864,4,1,4,223526
24576,2,1,1,3221
1572864,4,1,3,87021
1572864,4,1,4,218773
1572864,4,1,4,215706
1572864,4,1,3,87238
1572864,4,1,3,86670
1572864,4,1,4,216304
64,3,1,5,391
1572864,4,1,4,216945
24576,2,1,1,3222
24576,2,1,1,3222
24576,2,1,1,3222
24576,2,1,1,3286
24576,2,1,1,3222
24576,2,1,1,3220
24576,2,1,1,3222
24576,2,1,1,3221
24576,2,1,1,3220
24576,2,1,1,3220
24576,2,1,1,3222
24576,2,1,1,3222
24576,2,1,1,3220
24576,2,1,1,3222
24576,2,1,1,3222
233472,1,1,1,10800
6291456,11,1,26,800196
12582912,4,1,15,723204
12582912,4,1,15,721133
12582912,5,1,16,808476
12582912,5,1,16,809112
6291456,11,1,26,861211
1572864,2,1,11,81918
1572864,2,1,11,82185
4718592,73,24,106,6293213
6291456,11,1,26,867616
12582912,5,1,16,808703
12582912,4,1,15,720631
4718592,73,24,106,6164424
1572864,2,1,11,83010
1572864,2,1,11,82385
12582912,4,1,15,779060
6291456,11,1,26,800186
12582912,5,1,16,751926
6291456,11,1,26,800122
6291456,11,1,26,800583
12582912,4,1,15,724188
1572864,2,1,11,83444
6291456,11,1,26,843932
1572864,2,1,11,82304
12582912,4,1,15,720372
1572864,2,1,11,83511
12582912,5,1,16,809711
12582912,4,1,15,722170
12582912,5,1,16,810012
12582912,5,1,16,754430
6291456,11,1,26,841313
1572864,7,1,23,158760
6291456,4,1,15,359204
6291456,4,1,15,363877
1572864,2,1,11,83612
12582912,4,1,15,723179
12582912,5,1,16,745263
6291456,11,1,26,834029
1572864,2,1,11,82834
12582912,4,1,15,735601
12582912,5,1,16,787778
6291456,4,1,15,360016
6291456,4,1,15,359575
6291456,4,1,15,359991
6291456,4,1,15,364653
6291456,4,1,15,358721
6291456,4,1,15,359354
6291456,4,1,15,359309
6291456,4,1,15,360696
6291456,4,1,15,361542
6291456,11,1,26,800721
12582912,5,1,16,808763
1572864,2,1,11,83509
12582912,5,1,16,857811
12582912,4,1,15,721949
1572864,2,1,1,195037
1572864,2,1,1,195192
1572864,2,1,1,195151
1572864,2,1,1,194948
1179648,1,1,1,53304
1179648,1,1,1,53304
1179648,1,1,1,53304
1572864,2,1,1,195372
1572864,5,1,17,243337
4718592,37,12,54,3091390
1572864,2,1,1,195020
1179648,1,1,1,53304
1572864,2,1,1,195132
1572864,2,1,1,195255
1179648,1,1,1,53304
1572864,2,1,1,195244
1572864,2,1,1,195310
1572864,2,1,1,195193
1572864,2,1,1,195429
1179648,1,1,1,53304
1179648,1,1,1,53304
1179648,1,1,1,53305
1179648,1,1,1,53304
1179648,1,1,1,53304
1179648,1,1,1,53304
1179648,1,1,1,53305
1179648,1,1,1,53304
1179648,1,1,1,53304
1179648,1,1,1,53304
1179648,1,1,1,53304
1179648,1,1,1,53319
1179648,1,1,1,53304
1179648,1,1,1,53304
1179648,1,1,1,53304
1179648,1,1,1,53304
1179648,1,1,1,53304
1179648,1,1,1,53304
1572864,2,1,1,194858
1572864,2,1,1,195020
1179648,1,1,1,53304
1179648,1,1,1,53304
1179648,1,1,1,53304
1179648,1,1,1,53304
1179648,1,1,1,53304
1179648,1,1,1,53304
1179648,1,1,1,53304
1179648,1,1,1,53304
1179648,1,1,1,53304
1179648,1,1,1,53304
1179648,1,1,1,53304
1179648,1,1,1,53304
1179648,1,1,1,53304
1179648,1,1,1,53304
1179648,1,1,1,53304
1179648,1,1,1,53304
1179648,1,1,1,53304
1179648,1,1,1,53304
1179648,1,1,1,53304
1179648,1,1,1,53304
1179648,1,1,1,53304
1179648,1,1,1,53304
4718592,37,12,54,3081581
1179648,1,1,1,53309
1179648,1,1,1,53303
1179648,1,1,1,53304
1179648,1,1,1,53304
233472,6,1,11,14430
9280512,3,1,4,1222008
1572864,2,1,2,196221
4718592,1,1,1,224272
4718592,1,1,1,225137
4718592,1,1,1,212856
4718592,1,1,1,212304
4718592,1,1,1,212496
4718592,1,1,1,220974
4718592,1,1,1,212693
4718592,1,1,1,223916
4718592,1,1,1,222316
4718592,1,1,1,220966
4718592,1,1,1,220964
4718592,1,1,1,212888
4718592,1,1,1,241350
4718592,1,1,1,212463
4718592,1,1,1,213147
4718592,1,1,1,215706
4718592,1,1,1,241980
4718592,1,1,1,212787
4718592,1,1,1,220970
4718592,1,1,1,223773
4718592,1,1,1,220964
1572864,3,2,4,385919
1572864,7,2,13,428385
1179648,19,6,28,381955
1572864,6,5,10,970884
1572864,6,5,10,1000855
1536,40,12,61,2534
6144,37,12,58,3721
1536,45,14,70,1785
1536,82,23,126,2938
32,11,4,20,575
32,3,1,11,430
512,3,1,4,371
524288,4,2,13,86821
1024,25,2,34,785
262144,4,2,13,43460
16384,1,1,2,1047
16384,1,1,0,1044
16384,1,1,0,1044
32,4,1,13,430
32,3,1,5,406
32,2,1,1,342
262144,1,1,2,12089
524288,4,2,11,79313
262144,1,1,0,12087
524288,1,1,0,23863
32,1,1,1,335
16384,2,1,1,2295
32,2,1,1,340
32,4,2,4,367
15104,3,1,6,2186
1449984,6,1,6,230586
1449984,4,1,4,197459
1449984,3,1,2,187447
1449984,3,1,2,187821
1449984,3,1,2,198763
32,1,1,1,335
512,2,1,1,368
512,2,1,1,368
512,2,1,1,368
512,2,1,1,368
512,2,1,1,368
512,2,1,1,368
512,2,1,1,368
1024,2,1,1,391
512,2,1,1,368
512,2,1,1,368
1024,2,1,1,391
512,2,1,1,368
512,2,1,1,368
512,2,1,1,368
512,2,1,1,368
1024,2,1,1,391
512,2,1,1,368
512,2,1,1,368
512,2,1,1,368
256,3,1,2,350
98304,6,1,7,15159
98304,9,1,10,10663
98304,9,1,10,10195
98304,6,1,7,15297
98304,9,1,10,10962
98304,6,1,7,15760
98304,6,1,7,15041
98304,9,1,10,9938
12288,3,1,2,1786
512,2,1,1,368
98304,9,1,10,11564
98304,6,1,7,15318
98304,9,1,10,10797
98304,6,1,7,15627
32,4,2,4,378
512,2,1,1,368
512,2,1,1,368
512,2,1,1,370
512,2,1,1,381
12288,2,1,1,1831
12288,2,1,1,1831
12288,2,1,1,1830
512,2,1,1,368
12288,2,1,1,1830
12288,2,1,1,1830
12288,2,1,1,1831
12288,2,1,1,1830
12288,2,1,1,1830
12288,2,1,1,1830
12288,2,1,1,1830
12288,2,1,1,1830
12288,2,1,1,1860
12288,2,1,1,1830
12288,2,1,1,1830
12288,2,1,1,1830
512,2,1,1,368
512,2,1,1,368
512,2,1,1,368
512,2,1,1,368
512,2,1,1,368
1024,2,1,1,391
512,2,1,1,368
12288,2,1,1,1830
12288,2,1,1,1830
12288,2,1,1,1865
12288,2,1,1,1830
12288,2,1,1,1865
12288,2,1,1,1865
12288,2,1,1,1830
12288,2,1,1,1830
12288,2,1,1,1865
12288,2,1,1,1830
98304,8,3,13,28054
12288,8,0,8,1220
12288,8,0,8,1176
98304,8,3,13,29163
12288,8,0,8,1303
12288,8,0,8,1277
98304,8,3,13,29462
12288,8,0,8,1285
98304,8,3,13,28180
12288,8,0,8,1217
98304,8,3,13,27909
12288,8,0,8,1256
2818048,2,1,1,151993
3014656,3,1,2,160849
3014656,3,1,2,161777
2818048,3,1,2,151999
2818048,3,1,2,152776
3014656,3,1,2,161760
2818048,3,1,2,151171
2818048,3,1,2,149164
1884160,12,3,14,304437
3145728,1,1,1,141643
3145728,1,1,1,141745
3145728,1,1,1,141643
3145728,1,1,1,141745
512,57,18,74,1371
32,1,1,1,335
32,1,1,1,334
49152,1,1,1,2519
9216,1,1,1,725
6912,1,1,1,621
9216,1,1,1,725
12288,1,1,1,863
12288,1,1,1,863
12288,1,1,1,863
12288,1,1,1,863
12288,1,1,1,863
24576,1,1,1,1415
49152,1,1,1,2519
6912,1,1,1,621
49152,1,1,1,2519
49152,1,1,1,2519
49152,1,1,1,2519
49152,1,1,1,2519
73728,1,1,1,3623
110592,1,1,1,5278
110592,1,1,1,5278
110592,1,1,1,5278
110592,1,1,1,5278
110592,1,1,1,5278
6912,1,1,1,621
17280,1,1,1,1089
129024,2,1,2,16070
17280,1,1,1,1088
17280,1,1,1,1088
10368,1,1,1,780
10368,1,1,1,780
10368,1,1,1,780
6912,1,1,1,621
6912,1,1,1,621
6912,1,1,1,621
49152,1,1,1,2519
3456,1,1,1,468
3456,1,1,1,468
3456,1,1,1,468
2592,1,1,1,428
2592,1,1,1,428
1728,1,1,1,391
576,1,1,1,340
1024,1,1,1,340
3072,1,1,1,433
6144,1,1,1,571
128,3,1,8,440
110592,1,1,1,5278
110592,1,1,1,5278
110592,1,1,1,5278
73728,1,1,1,3623
49152,1,1,1,2519
49152,1,1,1,2519
49152,1,1,1,2519
49152,1,1,1,2519
49152,1,1,1,2519
49152,1,1,1,2519
49152,1,1,1,2519
24576,1,1,1,1415
12288,1,1,1,862
12288,1,1,1,863
128,2,1,3,336
12288,1,1,1,863
12288,1,1,1,862
12288,1,1,1,863
9216,1,1,1,725
6912,1,1,1,621
9216,1,1,1,725
6912,1,1,1,621
6144,1,1,1,571
3072,1,1,1,448
1024,1,1,1,340
32,2,1,1,399
128,2,1,1,354
110592,1,1,1,5278
110592,1,1,1,5277
184320,1,1,1,8592
184320,1,1,1,8592
307200,1,1,1,14114
307200,1,1,1,14114
129024,2,1,4,17278
614400,1,1,1,27910
819200,1,1,1,37112
307200,1,1,1,14114
307200,1,1,1,14114
307200,1,1,1,14114
307200,1,1,1,14114
307200,1,1,1,14113
307200,1,1,1,14114
307200,1,1,1,14114
129024,1,1,1,6106
163840,1,1,2,7678
307200,1,1,1,14114
614400,1,1,1,27910
819200,1,1,1,37112
2580480,1,1,1,118806
819200,7,3,14,131961
614400,7,3,14,98646
307200,11,6,27,98970
307200,15,9,40,148495
184320,7,3,14,29213
24576,7,3,14,3816
9216,7,3,14,1551
73728,7,3,14,11754
9216,7,3,14,1551
110592,11,6,27,35492
110592,15,9,40,53039
41472,11,6,27,12958
2016,7,3,15,682
12288,11,6,27,3745
276480,15,9,40,133574
165888,15,9,40,79859
2560,15,8,40,1312
640,15,8,40,950
2580480,7,3,14,416781
32,1,1,1,335
3211264,6,5,10,1928704
1605632,6,5,10,971609
32,2,1,1,399
64512,3,2,3,9689
73728,1,1,1,3623
73728,1,1,1,3623
73728,1,1,1,3623
73728,1,1,1,3624
147456,1,1,1,6937
16384,1,1,1,1047
65536,1,1,1,3253
6422528,9,1,29,992388
32768,1,1,2,1786
64512,1,1,1,3209
32,2,1,1,342
64,3,1,8,473
6422528,6,1,16,431428
589824,1,1,1,26809
6422528,9,1,32,1123465
6422528,6,2,19,1911161
1179648,1,1,1,53304
1179648,1,1,1,53304
1179648,1,1,1,53304
262144,1,1,1,12089
6422528,7,1,22,638759
3211264,13,1,31,380582
1605632,13,1,31,254698
1605632,10,1,33,234625
1605632,11,1,40,269471
6422528,6,2,19,1965517
6422528,8,1,32,1242562
294912,1,1,1,13561
12845056,3,1,11,699150
294912,1,1,1,13561
294912,1,1,1,13561
4718592,15,9,40,2287926
1032192,1,1,1,46680
2359296,1,1,1,112086
2359296,7,3,14,381003
4718592,1,1,1,232849
4718592,1,1,1,215145
4718592,1,1,1,220988
6422528,6,5,10,3891926
1179648,15,9,40,571805
1032192,7,3,14,166627
2016,7,3,15,674
32,1,1,1,335
32,1,1,1,335
49152,1,1,1,2519
9216,1,1,1,725
6912,1,1,1,621
9216,1,1,1,725
12288,1,1,1,863
12288,1,1,1,863
12288,1,1,1,863
12288,1,1,1,863
12288,1,1,1,863
24576,1,1,1,1415
49152,1,1,1,2519
6912,1,1,1,621
49152,1,1,1,2519
49152,1,1,1,2519
49152,1,1,1,2519
49152,1,1,1,2519
73728,1,1,1,3623
110592,1,1,1,5278
110592,1,1,1,5278
110592,1,1,1,5278
110592,1,1,1,5278
110592,1,1,1,5278
6912,1,1,1,621
17280,1,1,1,1089
129024,2,1,2,16070
17280,1,1,1,1089
17280,1,1,1,1089
10368,1,1,1,779
10368,1,1,1,780
10368,1,1,1,780
6912,1,1,1,621
6912,1,1,1,621
6912,1,1,1,621
49152,1,1,1,2519
3456,1,1,1,468
3456,1,1,1,468
3456,1,1,1,468
2592,1,1,1,428
2592,1,1,1,428
1728,1,1,1,391
576,1,1,1,340
1024,1,1,1,339
3072,1,1,1,432
6144,1,1,1,571
128,3,1,8,440
110592,1,1,1,5278
110592,1,1,1,5278
110592,1,1,1,5277
73728,1,1,1,3623
49152,1,1,1,2519
49152,1,1,1,2518
49152,1,1,1,2519
49152,1,1,1,2519
49152,1,1,1,2519
49152,1,1,1,2519
49152,1,1,1,2519
24576,1,1,1,1415
12288,1,1,1,863
12288,1,1,1,863
128,2,1,3,336
12288,1,1,1,863
12288,1,1,1,863
12288,1,1,1,862
9216,1,1,1,725
6912,1,1,1,621
9216,1,1,1,725
6912,1,1,1,621
6144,1,1,1,571
3072,1,1,1,449
1024,1,1,1,340
32,2,1,1,398
128,2,1,1,354
110592,1,1,1,5278
110592,1,1,1,5278
184320,1,1,1,8591
184320,1,1,1,8592
307200,1,1,1,14114
307200,1,1,1,14114
129024,2,1,4,17278
614400,1,1,1,27911
819200,1,1,1,37111
307200,1,1,1,14114
307200,1,1,1,14113
307200,1,1,1,14114
307200,1,1,1,14114
307200,1,1,1,14114
307200,1,1,1,14114
307200,1,1,1,14114
129024,1,1,1,6106
163840,1,1,2,7678
307200,1,1,1,14114
614400,1,1,1,27911
819200,1,1,1,37112
2580480,1,1,1,118806
819200,10,3,15,132320
614400,10,3,15,99156
307200,19,6,28,99401
307200,28,9,41,148729
184320,10,3,15,29607
24576,10,3,15,3876
9216,10,3,15,1594
73728,10,3,15,11758
9216,10,3,15,1550
110592,19,6,28,36313
110592,28,9,41,54077
41472,19,6,28,13412
2016,10,3,16,738
12288,19,6,28,3833
276480,28,9,41,134215
165888,28,9,41,80082
2560,29,8,42,1358
640,29,8,42,1174
2580480,10,3,15,417559
32,1,1,1,335
3211264,6,5,10,1928705
1605632,6,5,10,971668
32,2,1,1,399
64512,4,2,3,9874
73728,1,1,1,3622
73728,1,1,1,3623
73728,1,1,1,3623
73728,1,1,1,3625
147456,1,1,1,6937
16384,1,1,1,1047
65536,1,1,1,3253
6422528,16,1,31,1419133
32768,1,1,2,1786
64512,1,1,1,3209
32,2,1,1,342
64,3,1,8,473
6422528,9,1,17,573651
589824,1,1,1,26808
6422528,14,1,33,1237825
6422528,7,2,19,1957877
1179648,1,1,1,53303
1179648,1,1,1,53303
1179648,1,1,1,53304
262144,1,1,1,12088
6422528,13,1,23,979282
3211264,16,1,31,429796
1605632,16,1,31,297977
1605632,14,1,33,303633
1605632,18,1,40,369965
6422528,7,2,19,2010505
6422528,14,1,33,1927728
294912,1,1,1,13561
12845056,3,1,11,699358
294912,1,1,1,13560
294912,1,1,1,13561
4718592,28,9,41,2292344
1032192,1,1,1,46680
2359296,1,1,1,112106
2359296,10,3,15,382058
4718592,1,1,1,212301
4718592,1,1,1,213867
4718592,1,1,1,214171
6422528,6,5,10,3891926
1179648,28,9,41,573016
1032192,10,3,15,167104
2016,10,3,16,704
32,1,1,1,335
32,1,1,1,335
2580480,1,1,1,116654
125440,2,1,1,5953
125440,2,1,1,5953
301056,2,1,1,16039
301056,2,1,1,13845
200704,2,1,1,9337
200704,2,1,1,9338
200704,2,1,1,9341
401408,2,1,1,18444
401408,2,1,1,18357
1605632,2,1,1,72452
2580480,10,3,15,417738
32,29,8,42,1330
6422528,14,1,37,983902
6422528,14,1,37,872898
3211264,12,1,21,585051
768,84,23,122,2672
128,85,22,129,3245
384,64,19,94,2279
64,38,11,54,1471
384,85,22,129,2903
64,85,22,129,3163
288,85,22,129,2565
64,55,16,82,2169
4816896,14,1,37,791049
1605632,12,1,21,207716
7225344,14,1,37,1030124
7225344,14,1,37,984197
1605632,12,1,21,191398
1806336,14,1,37,253182
401408,12,1,21,57122
2408448,14,1,37,333541
2408448,14,1,37,324057
401408,12,1,21,39496
2408448,14,1,37,337898
2408448,14,1,37,349527
401408,12,1,21,48409
602112,14,1,37,95124
200704,12,1,21,23612
1204224,14,1,37,171686
1204224,14,1,37,169202
200704,12,1,21,25849
1204224,14,1,37,190944
1204224,14,1,37,167948
200704,12,1,21,26576
1204224,14,1,37,185524
1204224,14,1,37,152047
200704,12,1,21,22563
640,29,8,42,1064
1920,64,19,94,2462
1920,85,22,129,3548
320,81,24,122,2571
1152,64,19,94,2550
192,38,11,54,1513
1152,85,22,129,3124
192,85,22,129,3326
768,29,8,42,1351
768,85,22,129,3159
1204224,14,1,37,165583
1204224,14,1,37,158603
301056,12,1,21,45282
1806336,14,1,37,281711
1806336,14,1,37,262311
301056,12,1,21,31226
1806336,14,1,37,256572
1806336,14,1,37,317295
301056,12,1,21,44317
451584,14,1,37,82574
125440,12,1,21,16396
752640,14,1,37,126037
752640,14,1,37,124631
125440,12,1,21,13810
752640,14,1,37,103973
752640,14,1,37,120573
125440,12,1,21,13665
752640,14,1,37,106238
752640,14,1,37,111214
250880,12,1,21,33004
2560,29,8,42,1370
16128,1,1,1,1036
20480,1,1,2,1234
250880,7,1,12,14749
17280,1,1,1,1089
125440,8,1,13,9107
17280,1,1,1,1089
125440,8,1,13,7881
17280,1,1,1,1089
125440,7,1,12,7994
10368,1,1,1,780
301056,8,1,13,18061
10368,1,1,1,780
301056,8,1,13,23072
10368,1,1,1,780
301056,7,1,12,19134
6912,1,1,1,621
200704,8,1,13,13586
6912,1,1,1,621
200704,8,1,13,15829
6912,1,1,1,621
200704,8,1,13,15858
6912,1,1,1,621
200704,7,1,12,10938
3456,1,1,1,468
401408,8,1,13,27805
3456,1,1,1,468
401408,8,1,13,26633
3456,1,1,1,468
401408,7,1,12,26870
2592,1,1,1,428
1605632,8,1,13,106605
2592,1,1,1,428
1605632,7,1,12,103248
1728,1,1,1,391
3211264,7,1,12,227857
576,1,1,1,340
1024,1,1,1,340
3072,1,1,1,433
6144,1,1,1,587
6912,1,1,1,621
9216,1,1,1,725
6912,1,1,1,621
9216,1,1,1,725
12288,1,1,1,863
12288,1,1,1,863
12288,1,1,1,863
12288,1,1,1,863
12288,1,1,1,863
24576,1,1,1,1415
49152,1,1,1,2519
49152,1,1,1,2519
49152,1,1,1,2519
49152,1,1,1,2519
49152,1,1,1,2519
49152,1,1,1,2519
49152,1,1,1,2519
73728,1,1,1,3623
110592,1,1,1,5278
110592,1,1,1,5278
110592,1,1,1,5278
110592,1,1,1,5278
110592,1,1,1,5278
184320,1,1,1,8592
307200,1,1,1,14110
307200,1,1,1,14114
307200,1,1,1,14114
307200,1,1,1,14114
307200,1,1,1,14114
614400,1,1,1,27911
819200,1,1,1,37112
819200,1,1,1,37112
614400,1,1,1,27911
307200,1,1,1,14114
307200,1,1,1,14114
307200,1,1,1,14114
307200,1,1,1,14114
307200,1,1,1,14110
184320,1,1,1,8591
110592,1,1,1,5278
110592,1,1,1,5278
110592,1,1,1,5278
110592,1,1,1,5278
110592,1,1,1,5278
73728,1,1,1,3623
49152,1,1,1,2519
49152,1,1,1,2519
49152,1,1,1,2519
49152,1,1,1,2519
49152,1,1,1,2519
49152,1,1,1,2519
49152,1,1,1,2519
24576,1,1,1,1415
12288,1,1,1,863
12288,1,1,1,863
12288,1,1,1,863
12288,1,1,1,863
12288,1,1,1,863
9216,1,1,1,725
6912,1,1,1,621
9216,1,1,1,725
6912,1,1,1,621
6144,1,1,1,571
3072,1,1,1,449
1024,1,1,1,340
819200,10,3,15,132256
49152,37,12,54,31007
110592,37,12,54,72327
73728,10,3,15,11863
110592,28,9,41,53379
165888,28,9,41,79932
110592,19,6,28,36598
184320,10,3,15,29579
307200,28,9,41,149111
276480,28,9,41,134148
307200,19,6,28,99007
614400,10,3,15,99194
3072,10,3,15,823
27648,10,3,15,4375
6144,10,3,15,1161
6912,19,6,28,2172
41472,19,6,28,13127
9216,10,3,15,1551
9216,10,3,15,1551
12288,28,9,41,5520
55296,28,9,41,26283
12288,19,6,28,3821
24576,10,3,15,3869
49152,28,9,41,23410
1728,10,3,15,668
9216,10,3,15,1551
1024,10,3,15,616
32,1,1,1,335
32,1,1,1,335
2580480,1,1,1,116634
125440,2,1,1,5953
125440,2,1,1,5953
301056,2,1,1,15939
301056,2,1,1,13845
200704,2,1,1,9337
200704,2,1,1,9341
200704,2,1,1,9341
401408,2,1,1,18444
401408,2,1,1,18357
1605632,2,1,1,72452
2580480,7,3,14,417231
32,9,8,38,849
6422528,8,1,36,772329
6422528,8,1,36,682250
3211264,6,1,20,354958
768,39,23,120,2039
128,23,22,124,2055
384,27,19,90,1696
64,12,11,50,1051
384,32,22,126,2016
64,23,22,122,2024
288,34,22,124,2098
64,14,16,75,1323
4816896,8,1,36,639666
1605632,6,1,20,131555
7225344,8,1,36,846687
7225344,8,1,36,793250
1605632,7,1,21,138393
1806336,8,1,36,198518
401408,7,1,20,44603
2408448,8,1,36,267549
2408448,9,1,37,272126
401408,5,1,20,24576
2408448,9,1,37,262773
2408448,8,1,37,250682
401408,6,1,20,32315
602112,8,1,37,70008
200704,7,1,20,18171
1204224,9,1,37,130899
1204224,9,1,37,136799
200704,7,1,21,17605
1204224,9,1,37,152787
1204224,9,1,37,129562
200704,6,1,20,15765
1204224,9,1,37,156054
1204224,9,1,37,124976
200704,6,1,20,15448
640,15,8,40,882
1920,31,19,91,2131
1920,40,22,128,2576
320,32,24,117,1879
1152,31,19,91,1982
192,13,11,50,1132
1152,40,22,128,2405
192,32,22,124,2224
768,15,8,40,1085
768,40,22,128,2458
1204224,9,1,37,136641
1204224,9,1,37,127929
301056,7,1,20,30324
1806336,9,1,37,231421
1806336,9,1,37,226034
301056,6,1,20,20279
1806336,9,1,37,205731
1806336,9,1,37,243317
301056,8,1,21,32376
451584,9,1,37,61729
125440,7,1,21,12822
752640,9,1,37,98932
752640,9,1,37,95905
125440,7,1,20,9800
752640,9,1,37,81125
752640,9,1,37,98934
125440,7,1,21,10193
752640,9,1,37,84758
752640,9,1,37,96259
250880,8,1,21,23432
2560,15,8,40,1312
16128,1,1,1,1033
20480,1,1,2,1234
250880,6,1,12,14320
17280,1,1,1,1089
125440,7,1,13,8214
17280,1,1,1,1089
125440,5,1,12,6724
17280,1,1,1,1089
125440,5,1,12,7419
10368,1,1,1,780
301056,7,1,13,17036
10368,1,1,1,780
301056,5,1,12,17626
10368,1,1,1,780
301056,5,1,11,16939
6912,1,1,1,621
200704,5,1,12,11651
6912,1,1,1,620
200704,5,1,12,11989
6912,1,1,1,621
200704,6,1,13,13043
6912,1,1,1,621
200704,4,1,11,10400
3456,1,1,1,468
401408,5,1,12,23408
3456,1,1,1,468
401408,5,1,12,22825
3456,1,1,1,468
401408,5,1,11,23481
2592,1,1,1,428
1605632,6,1,13,94719
2592,1,1,1,428
1605632,4,1,11,89115
1728,1,1,1,391
3211264,4,1,11,182303
576,1,1,1,340
1024,1,1,1,340
3072,1,1,1,433
6144,1,1,1,587
6912,1,1,1,621
9216,1,1,1,725
6912,1,1,1,621
9216,1,1,1,725
12288,1,1,1,863
12288,1,1,1,863
12288,1,1,1,863
12288,1,1,1,863
12288,1,1,1,863
24576,1,1,1,1415
49152,1,1,1,2519
49152,1,1,1,2519
49152,1,1,1,2519
49152,1,1,1,2519
49152,1,1,1,2519
49152,1,1,1,2519
49152,1,1,1,2519
73728,1,1,1,3623
110592,1,1,1,5278
110592,1,1,1,5278
110592,1,1,1,5278
110592,1,1,1,5278
110592,1,1,1,5278
184320,1,1,1,8592
307200,1,1,1,14110
307200,1,1,1,14114
307200,1,1,1,14114
307200,1,1,1,14114
307200,1,1,1,14114
614400,1,1,1,27911
819200,1,1,1,37112
819200,1,1,1,37112
614400,1,1,1,27911
307200,1,1,1,14114
307200,1,1,1,14114
307200,1,1,1,14114
307200,1,1,1,14114
307200,1,1,1,14110
184320,1,1,1,8591
110592,1,1,1,5278
110592,1,1,1,5278
110592,1,1,1,5278
110592,1,1,1,5278
110592,1,1,1,5278
73728,1,1,1,3623
49152,1,1,1,2519
49152,1,1,1,2519
49152,1,1,1,2519
49152,1,1,1,2519
49152,1,1,1,2519
49152,1,1,1,2519
49152,1,1,1,2519
24576,1,1,1,1415
12288,1,1,1,863
12288,1,1,1,863
12288,1,1,1,863
12288,1,1,1,863
12288,1,1,1,863
9216,1,1,1,725
6912,1,1,1,621
9216,1,1,1,725
6912,1,1,1,621
6144,1,1,1,571
3072,1,1,1,449
1024,1,1,1,340
819200,7,3,14,131694
49152,19,12,53,31056
110592,19,12,53,70589
73728,7,3,14,11777
110592,15,9,40,53007
165888,15,9,40,79869
110592,11,6,27,35389
184320,7,3,14,29596
307200,15,9,40,148474
276480,15,9,40,133469
307200,11,6,27,98963
614400,7,3,14,99103
3072,7,3,14,809
27648,7,3,14,4281
6144,7,3,14,1137
6912,11,6,27,2172
41472,11,6,27,13129
9216,7,3,14,1551
9216,7,3,14,1551
12288,15,9,40,5509
55296,15,9,40,26208
12288,11,6,27,3678
24576,7,3,14,3787
49152,15,9,40,23352
1728,7,3,14,647
9216,7,3,14,1551
1024,7,3,14,590
32,1,1,1,335
32,1,1,1,334
2580480,1,1,1,119684
188160,2,1,1,8774
188160,2,1,1,8775
451584,2,1,1,20693
451584,2,1,1,20610
301056,2,1,1,13845
301056,2,1,1,13848
301056,2,1,1,13844
602112,2,1,1,27365
602112,2,1,1,27368
2408448,2,1,1,108723
2580480,7,3,14,416696
32,9,8,38,804
9633792,8,1,36,1088206
9633792,8,1,36,1002277
4816896,6,1,20,373922
768,39,23,120,2286
128,23,22,124,1977
384,27,19,90,1623
64,12,11,50,1009
384,32,22,126,2179
64,26,22,124,2075
288,36,22,126,2278
64,14,16,75,1258
7225344,8,1,36,871688
2408448,6,1,20,241445
10838016,9,1,37,1490241
10838016,9,1,37,1269595
2408448,7,1,21,265210
2709504,8,1,36,342380
602112,7,1,20,53970
3612672,8,1,36,444671
3612672,9,1,37,444716
602112,5,1,20,42963
3612672,9,1,37,477965
3612672,8,1,37,360466
602112,6,1,20,46720
903168,8,1,37,101534
301056,7,1,20,23691
1806336,9,1,37,218656
1806336,9,1,37,240122
301056,7,1,21,25596
1806336,9,1,37,212801
1806336,9,1,37,242175
301056,6,1,20,24466
1806336,9,1,37,220305
1806336,9,1,37,252704
301056,6,1,20,21531
640,15,8,40,957
1920,31,19,91,2153
1920,40,22,128,2468
320,32,24,117,1774
1152,31,19,91,1932
192,13,11,50,968
1152,40,22,128,2262
192,32,22,124,2148
768,15,8,40,985
768,40,22,128,2331
1806336,9,1,37,241507
1806336,9,1,37,180718
451584,7,1,20,43996
2709504,9,1,37,314894
2709504,9,1,37,367913
451584,6,1,20,36247
2709504,9,1,37,337591
2709504,9,1,37,327835
451584,7,1,20,38923
677376,9,1,37,72811
188160,7,1,21,17031
1128960,9,1,37,142399
1128960,9,1,37,123868
188160,7,1,20,15700
1128960,9,1,37,128383
1128960,9,1,37,133631
188160,7,1,21,15270
1128960,9,1,37,136492
1128960,9,1,37,135469
376320,8,1,21,34961
2560,15,8,40,1306
376320,6,1,12,22268
17280,1,1,1,1089
188160,7,1,13,11128
17280,1,1,1,1089
188160,5,1,12,10947
17280,1,1,1,1089
188160,5,1,12,10838
10368,1,1,1,780
451584,6,1,12,27774
10368,1,1,1,780
451584,5,1,12,25542
10368,1,1,1,780
451584,5,1,11,25239
6912,1,1,1,621
301056,5,1,12,17818
6912,1,1,1,621
301056,5,1,12,17716
6912,1,1,1,621
301056,6,1,13,17629
6912,1,1,1,621
301056,4,1,11,16008
3456,1,1,1,468
602112,5,1,12,33517
3456,1,1,1,468
602112,5,1,12,34640
3456,1,1,1,468
602112,5,1,11,32436
2592,1,1,1,428
2408448,6,1,13,157889
2592,1,1,1,428
2408448,4,1,11,135333
1728,1,1,1,391
4816896,4,1,11,268622
576,1,1,1,340
1024,1,1,1,340
3072,1,1,1,433
6144,1,1,1,587
6912,1,1,1,621
9216,1,1,1,725
6912,1,1,1,620
9216,1,1,1,725
12288,1,1,1,863
12288,1,1,1,863
12288,1,1,1,863
12288,1,1,1,862
12288,1,1,1,863
24576,1,1,1,1415
49152,1,1,1,2519
49152,1,1,1,2519
49152,1,1,1,2519
49152,1,1,1,2519
49152,1,1,1,2519
49152,1,1,1,2519
49152,1,1,1,2519
73728,1,1,1,3623
110592,1,1,1,5277
110592,1,1,1,5278
110592,1,1,1,5278
110592,1,1,1,5278
110592,1,1,1,5278
184320,1,1,1,8590
307200,1,1,1,14114
307200,1,1,1,14114
307200,1,1,1,14114
307200,1,1,1,14114
307200,1,1,1,14110
614400,1,1,1,27910
819200,1,1,1,37112
819200,1,1,1,37112
614400,1,1,1,27911
307200,1,1,1,14114
307200,1,1,1,14114
307200,1,1,1,14113
307200,1,1,1,14114
307200,1,1,1,14110
184320,1,1,1,8592
110592,1,1,1,5278
110592,1,1,1,5278
110592,1,1,1,5278
110592,1,1,1,5278
110592,1,1,1,5277
73728,1,1,1,3623
49152,1,1,1,2519
49152,1,1,1,2519
49152,1,1,1,2519
49152,1,1,1,2519
49152,1,1,1,2519
49152,1,1,1,2519
49152,1,1,1,2519
24576,1,1,1,1415
12288,1,1,1,863
12288,1,1,1,863
12288,1,1,1,863
12288,1,1,1,863
12288,1,1,1,863
9216,1,1,1,725
6912,1,1,1,621
9216,1,1,1,725
6912,1,1,1,621
6144,1,1,1,571
3072,1,1,1,449
1024,1,1,1,341
819200,7,3,14,131983
49152,19,12,53,30969
110592,19,12,53,70803
73728,7,3,14,11526
110592,15,9,40,53080
165888,15,9,40,79711
110592,11,6,27,35478
184320,7,3,14,29555
307200,15,9,40,148343
276480,15,9,40,133382
307200,11,6,27,99029
614400,7,3,14,98531
3072,7,3,14,802
27648,7,3,14,4297
6144,7,3,14,1137
6912,11,6,27,2172
41472,11,6,27,13136
9216,7,3,14,1551
9216,7,3,14,1551
12288,15,9,40,5362
55296,15,9,40,26346
12288,11,6,27,3656
24576,7,3,14,3809
49152,15,9,40,23218
1728,7,3,14,640
9216,7,3,14,1551
1024,7,3,14,593
32,1,1,1,335
32,1,1,1,335
2580480,1,1,1,116254
250880,2,1,1,11591
250880,2,1,1,11591
602112,2,1,1,27394
602112,2,1,1,32056
401408,2,1,1,18353
401408,2,1,1,18353
401408,2,1,1,18353
802816,2,1,1,36392
802816,2,1,1,36389
3211264,2,1,1,144592
2580480,10,3,15,417738
32,29,8,42,947
12845056,14,1,37,3711238
12845056,14,1,37,2323606
6422528,12,1,21,686902
768,84,23,122,2721
128,85,22,129,2886
384,64,19,94,2512
64,38,11,54,1358
384,85,22,129,3229
64,85,22,129,3181
288,85,22,129,3148
64,55,16,82,1961
9633792,14,1,37,1412798
3211264,12,1,21,461983
14450688,14,1,37,2178053
14450688,14,1,37,1773900
3211264,12,1,21,402673
3612672,14,1,37,527036
802816,12,1,21,129308
4816896,14,1,37,720524
4816896,14,1,37,718057
802816,12,1,21,105770
4816896,14,1,37,672933
4816896,14,1,37,637403
802816,12,1,21,127798
1204224,14,1,37,155070
401408,12,1,21,45135
2408448,14,1,37,310640
2408448,14,1,37,453762
401408,12,1,21,43979
2408448,14,1,37,373537
2408448,14,1,37,363411
401408,12,1,21,52435
2408448,14,1,37,414504
2408448,14,1,37,320945
401408,12,1,21,52283
640,29,8,42,948
1920,64,19,94,2510
1920,85,22,129,3193
320,81,24,122,2634
1152,64,19,94,2420
192,38,11,54,1423
1152,85,22,129,3302
192,85,22,129,3157
768,29,8,42,1125
768,85,22,129,2793
2408448,14,1,37,316070
2408448,14,1,37,321814
602112,12,1,21,77201
3612672,14,1,37,546368
3612672,14,1,37,607435
602112,12,1,21,69530
3612672,14,1,37,518161
3612672,14,1,37,464726
602112,12,1,21,83116
903168,14,1,37,114219
250880,12,1,21,27961
1505280,14,1,37,218530
1505280,14,1,37,252621
250880,12,1,21,27185
1505280,14,1,37,222841
1505280,14,1,37,188396
250880,12,1,21,32251
1505280,14,1,37,227115
1505280,14,1,37,202405
501760,12,1,21,66690
2560,29,8,42,1418
32256,1,1,1,1760
40960,1,1,2,2155
501760,7,1,12,30802
17280,1,1,1,1089
250880,8,1,13,18161
17280,1,1,1,1089
250880,8,1,13,18333
17280,1,1,1,1089
250880,7,1,12,16272
10368,1,1,1,780
602112,8,1,13,42892
10368,1,1,1,780
602112,8,1,13,41000
10368,1,1,1,780
602112,7,1,12,39660
6912,1,1,1,621
401408,8,1,13,30055
6912,1,1,1,621
401408,8,1,13,33246
6912,1,1,1,621
401408,8,1,13,33184
6912,1,1,1,621
401408,7,1,12,24703
3456,1,1,1,468
802816,8,1,13,60556
3456,1,1,1,468
802816,8,1,13,57545
3456,1,1,1,468
802816,7,1,12,49953
2592,1,1,1,428
3211264,8,1,13,244293
2592,1,1,1,428
3211264,7,1,12,202906
1728,1,1,1,391
6422528,7,1,12,370092
576,1,1,1,340
1024,1,1,1,340
3072,1,1,1,449
6144,1,1,1,587
6912,1,1,1,621
9216,1,1,1,725
6912,1,1,1,621
9216,1,1,1,725
12288,1,1,1,863
12288,1,1,1,863
12288,1,1,1,863
12288,1,1,1,863
12288,1,1,1,863
24576,1,1,1,1415
49152,1,1,1,2519
49152,1,1,1,2519
49152,1,1,1,2519
49152,1,1,1,2519
49152,1,1,1,2519
49152,1,1,1,2519
49152,1,1,1,2519
73728,1,1,1,3623
110592,1,1,1,5278
110592,1,1,1,5278
110592,1,1,1,5278
110592,1,1,1,5278
110592,1,1,1,5278
184320,1,1,1,8591
307200,1,1,1,14114
307200,1,1,1,14112
307200,1,1,1,14114
307200,1,1,1,14114
307200,1,1,1,14114
614400,1,1,1,27911
819200,1,1,1,37112
819200,1,1,1,37112
614400,1,1,1,27911
307200,1,1,1,14114
307200,1,1,1,14114
307200,1,1,1,14114
307200,1,1,1,14114
307200,1,1,1,14114
184320,1,1,1,8591
110592,1,1,1,5278
110592,1,1,1,5278
110592,1,1,1,5278
110592,1,1,1,5278
110592,1,1,1,5278
73728,1,1,1,3623
49152,1,1,1,2519
49152,1,1,1,2519
49152,1,1,1,2519
49152,1,1,1,2519
49152,1,1,1,2519
49152,1,1,1,2519
49152,1,1,1,2519
24576,1,1,1,1415
12288,1,1,1,863
12288,1,1,1,863
12288,1,1,1,863
12288,1,1,1,863
12288,1,1,1,863
9216,1,1,1,725
6912,1,1,1,621
9216,1,1,1,725
6912,1,1,1,619
6144,1,1,1,571
3072,1,1,1,449
1024,1,1,1,340
819200,10,3,15,132273
49152,37,12,54,30976
110592,37,12,54,70851
73728,10,3,15,11906
110592,28,9,41,53394
165888,28,9,41,80722
110592,19,6,28,36130
184320,10,3,15,29646
307200,28,9,41,148616
276480,28,9,41,133576
307200,19,6,28,99219
614400,10,3,15,99379
3072,10,3,15,866
27648,10,3,15,4339
6144,10,3,15,1161
6912,19,6,28,2172
41472,19,6,28,13943
9216,10,3,15,1551
9216,10,3,15,1585
12288,28,9,41,5524
55296,28,9,41,26331
12288,19,6,28,3680
24576,10,3,15,3869
49152,28,9,41,23291
1728,10,3,15,763
9216,10,3,15,1551
1024,10,3,15,723
32,1,1,1,335
32,1,1,1,335
2580480,1,1,1,116544
250880,2,1,1,11591
250880,2,1,1,11591
602112,2,1,1,27378
602112,2,1,1,32249
401408,2,1,1,18353
401408,2,1,1,18353
401408,2,1,1,18353
802816,2,1,1,36392
802816,2,1,1,36389
3211264,2,1,1,144592
2580480,7,3,14,417053
32,9,8,38,764
12845056,8,1,36,2645045
12845056,8,1,36,1805629
6422528,6,1,20,467849
768,39,23,120,2034
128,23,22,124,1993
384,27,19,90,1640
64,12,11,50,1036
384,32,22,126,2303
64,23,22,122,1965
288,35,22,125,2369
64,14,16,75,1258
9633792,8,1,36,1181856
3211264,6,1,20,279644
14450688,9,1,37,1830703
14450688,9,1,37,1407595
3211264,7,1,21,314566
3612672,8,1,36,425421
802816,7,1,20,88229
4816896,8,1,36,552649
4816896,9,1,37,566922
802816,5,1,20,60303
4816896,9,1,37,557006
4816896,8,1,37,514704
802816,6,1,20,74610
1204224,8,1,37,116737
401408,7,1,20,33408
2408448,9,1,37,254922
2408448,9,1,37,344671
401408,7,1,21,33422
2408448,9,1,37,298884
2408448,9,1,37,304244
401408,6,1,20,37003
2408448,9,1,37,304085
2408448,9,1,37,267963
401408,6,1,20,36321
640,15,8,40,851
1920,31,19,91,2131
1920,40,22,128,2510
320,32,24,117,2010
1152,31,19,91,1958
192,13,11,50,1089
1152,40,22,128,2420
192,31,22,123,2155
768,15,8,40,975
768,40,22,128,2293
2408448,9,1,37,261871
2408448,9,1,37,258593
602112,8,1,21,64386
3612672,9,1,37,430364
3612672,9,1,37,487929
602112,6,1,20,47436
3612672,9,1,37,423202
3612672,9,1,37,376828
602112,7,1,20,60294
903168,9,1,37,86492
250880,7,1,21,19049
1505280,9,1,37,181194
1505280,9,1,37,191218
250880,7,1,20,19538
1505280,9,1,37,176880
1505280,9,1,37,157303
250880,7,1,21,23904
1505280,9,1,37,179100
1505280,9,1,37,159700
501760,8,1,21,52604
2560,15,8,40,1332
32256,1,1,1,1760
40960,1,1,2,2155
501760,6,1,12,29184
17280,1,1,1,1089
250880,7,1,13,16049
17280,1,1,1,1089
250880,5,1,12,14942
17280,1,1,1,1089
250880,5,1,12,14455
10368,1,1,1,780
602112,6,1,12,35764
10368,1,1,1,780
602112,5,1,12,34623
10368,1,1,1,780
602112,6,1,12,37438
6912,1,1,1,621
401408,5,1,12,23663
6912,1,1,1,621
401408,5,1,12,24804
6912,1,1,1,621
401408,6,1,13,25563
6912,1,1,1,621
401408,4,1,11,22007
3456,1,1,1,468
802816,5,1,12,46510
3456,1,1,1,468
802816,5,1,12,45739
3456,1,1,1,468
802816,5,1,11,44897
2592,1,1,1,428
3211264,6,1,13,197632
2592,1,1,1,428
3211264,4,1,11,178734
1728,1,1,1,391
6422528,4,1,11,347934
576,1,1,1,340
1024,1,1,1,340
3072,1,1,1,449
6144,1,1,1,587
6912,1,1,1,619
9216,1,1,1,725
6912,1,1,1,621
9216,1,1,1,725
12288,1,1,1,863
12288,1,1,1,863
12288,1,1,1,863
12288,1,1,1,863
12288,1,1,1,863
24576,1,1,1,1415
49152,1,1,1,2519
49152,1,1,1,2519
49152,1,1,1,2519
49152,1,1,1,2519
49152,1,1,1,2519
49152,1,1,1,2519
49152,1,1,1,2519
73728,1,1,1,3623
110592,1,1,1,5278
110592,1,1,1,5278
110592,1,1,1,5278
110592,1,1,1,5278
110592,1,1,1,5278
184320,1,1,1,8591
307200,1,1,1,14114
307200,1,1,1,14114
307200,1,1,1,14114
307200,1,1,1,14114
307200,1,1,1,14114
614400,1,1,1,27911
819200,1,1,1,37112
819200,1,1,1,37112
614400,1,1,1,27911
307200,1,1,1,14114
307200,1,1,1,14114
307200,1,1,1,14114
307200,1,1,1,14114
307200,1,1,1,14114
184320,1,1,1,8591
110592,1,1,1,5278
110592,1,1,1,5278
110592,1,1,1,5278
110592,1,1,1,5278
110592,1,1,1,5278
73728,1,1,1,3623
49152,1,1,1,2519
49152,1,1,1,2519
49152,1,1,1,2519
49152,1,1,1,2519
49152,1,1,1,2519
49152,1,1,1,2518
49152,1,1,1,2519
24576,1,1,1,1415
12288,1,1,1,863
12288,1,1,1,863
12288,1,1,1,863
12288,1,1,1,863
12288,1,1,1,863
9216,1,1,1,725
6912,1,1,1,621
9216,1,1,1,725
6912,1,1,1,621
6144,1,1,1,571
3072,1,1,1,449
1024,1,1,1,340
819200,7,3,14,132154
49152,19,12,53,31042
110592,19,12,53,70777
73728,7,3,14,11597
110592,15,9,40,53125
165888,15,9,40,79825
110592,11,6,27,35240
184320,7,3,14,29592
307200,15,9,40,148491
276480,15,9,40,133642
307200,11,6,27,98946
614400,7,3,14,98922
3072,7,3,14,799
27648,7,3,14,4254
6144,7,3,14,1137
6912,11,6,27,2172
41472,11,6,27,13140
9216,7,3,14,1551
9216,7,3,14,1551
12288,15,9,40,5392
55296,15,9,40,26291
12288,11,6,27,3749
24576,7,3,14,3864
49152,15,9,40,23236
1728,7,3,14,692
9216,7,3,14,1551
1024,7,3,14,654
32,1,1,1,335
32,1,1,1,335
2580480,1,1,1,116298
32,2,1,1,342
501760,2,1,1,22865
501760,2,1,1,22860
1204224,2,1,1,54417
1204224,2,1,1,54774
802816,2,1,1,36385
802816,2,1,1,36381
802816,2,1,1,42860
1605632,2,1,1,72465
1605632,2,1,1,86035
6422528,2,1,1,288943
2580480,10,3,15,417866
2016,10,3,16,688
32,29,8,42,947
25690112,14,1,37,4888773
25690112,14,1,37,4848249
12845056,12,1,21,1533517
768,84,23,122,2967
128,85,22,129,2721
384,64,19,94,2517
64,38,11,54,1347
384,85,22,129,2841
64,85,22,129,2882
288,85,22,129,3020
64,55,16,82,1754
19267584,14,1,37,2794419
6422528,12,1,21,651331
28901376,14,1,37,5302028
28901376,14,1,37,4547558
6422528,12,1,21,810849
7225344,14,1,37,1106549
1605632,12,1,21,267266
9633792,14,1,37,1352154
9633792,14,1,37,1353976
1605632,12,1,21,231069
9633792,14,1,37,1443166
9633792,14,1,37,1246181
1605632,12,1,21,222758
2408448,14,1,37,353706
802816,12,1,21,104433
4816896,14,1,37,752161
4816896,14,1,37,714524
802816,12,1,21,116617
4816896,14,1,37,658089
4816896,14,1,37,649951
802816,12,1,21,130755
4816896,14,1,37,652438
4816896,14,1,37,709838
802816,12,1,21,111104
640,29,8,42,948
1920,64,19,94,2383
1920,85,22,129,3326
320,81,24,122,2337
1152,64,19,94,2405
192,38,11,54,1309
1152,85,22,129,3061
192,85,22,129,2562
768,29,8,42,1140
768,85,22,129,3410
4816896,14,1,37,655873
4816896,14,1,37,691840
1204224,12,1,21,152019
7225344,14,1,37,1096757
7225344,14,1,37,1191965
1204224,12,1,21,126827
7225344,14,1,37,1073819
7225344,14,1,37,997039
1204224,12,1,21,159066
1806336,14,1,37,239446
501760,12,1,21,55785
3010560,14,1,37,440125
3010560,14,1,37,425068
501760,12,1,21,58447
3010560,14,1,37,426922
3010560,14,1,37,447939
501760,12,1,21,72093
3010560,14,1,37,469504
3010560,14,1,37,417545
1003520,12,1,21,107831
2560,29,8,42,1461
64512,1,1,1,3209
81920,1,1,2,3994
1003520,7,1,12,57938
17280,1,1,1,1089
501760,8,1,13,35625
17280,1,1,1,1089
501760,8,1,13,31428
17280,1,1,1,1089
501760,7,1,12,30527
10368,1,1,1,780
1204224,8,1,13,71933
10368,1,1,1,780
1204224,8,1,13,80190
10368,1,1,1,780
1204224,7,1,12,73070
6912,1,1,1,621
802816,8,1,13,62523
6912,1,1,1,621
802816,8,1,13,66311
6912,1,1,1,621
802816,8,1,13,68785
6912,1,1,1,621
802816,7,1,12,50962
3456,1,1,1,468
1605632,8,1,13,110852
3456,1,1,1,468
1605632,8,1,13,106530
3456,1,1,1,468
1605632,7,1,12,94718
2592,1,1,1,428
6422528,8,1,13,423096
2592,1,1,1,428
6422528,7,1,12,408227
1728,1,1,1,391
12845056,7,1,12,830663
576,1,1,1,340
1024,1,1,1,340
3072,1,1,1,433
6144,1,1,1,571
6912,1,1,1,621
9216,1,1,1,725
6912,1,1,1,621
9216,1,1,1,725
12288,1,1,1,863
12288,1,1,1,863
12288,1,1,1,863
12288,1,1,1,863
12288,1,1,1,863
24576,1,1,1,1415
49152,1,1,1,2519
49152,1,1,1,2519
49152,1,1,1,2519
49152,1,1,1,2519
49152,1,1,1,2519
49152,1,1,1,2519
49152,1,1,1,2519
73728,1,1,1,3623
110592,1,1,1,5278
110592,1,1,1,5278
110592,1,1,1,5278
110592,1,1,1,5278
110592,1,1,1,5278
184320,1,1,1,8591
307200,1,1,1,14114
307200,1,1,1,14114
307200,1,1,1,14114
307200,1,1,1,14114
307200,1,1,1,14114
614400,1,1,1,27911
819200,1,1,1,37112
819200,1,1,1,37112
614400,1,1,1,27911
307200,1,1,1,14114
307200,1,1,1,14114
307200,1,1,1,14114
307200,1,1,1,14114
307200,1,1,1,14114
184320,1,1,1,8592
110592,1,1,1,5278
110592,1,1,1,5279
110592,1,1,1,5278
110592,1,1,1,5278
110592,1,1,1,5278
73728,1,1,1,3623
49152,1,1,1,2519
49152,1,1,1,2519
49152,1,1,1,2519
49152,1,1,1,2519
49152,1,1,1,2519
49152,1,1,1,2519
49152,1,1,1,2519
24576,1,1,1,1415
12288,1,1,1,863
12288,1,1,1,863
12288,1,1,1,863
12288,1,1,1,863
12288,1,1,1,863
9216,1,1,1,725
6912,1,1,1,619
9216,1,1,1,725
6912,1,1,1,621
6144,1,1,1,571
3072,1,1,1,449
1024,1,1,1,340
819200,10,3,15,132380
49152,37,12,54,31100
110592,37,12,54,70609
73728,10,3,15,11955
110592,28,9,41,53501
165888,28,9,41,80653
110592,19,6,28,36327
184320,10,3,15,29789
307200,28,9,41,149235
276480,28,9,41,133596
307200,19,6,28,100278
614400,10,3,15,99211
3072,10,3,15,825
27648,10,3,15,4387
6144,10,3,15,1161
6912,19,6,28,2172
41472,19,6,28,13031
9216,10,3,15,1551
9216,10,3,15,1551
12288,28,9,41,5575
55296,28,9,41,26322
12288,19,6,28,3738
24576,10,3,15,3901
49152,28,9,41,23311
1728,10,3,15,744
9216,10,3,15,1551
1024,10,3,15,682
32,1,1,1,335
32,1,1,1,335
2580480,1,1,1,119232
32,2,1,1,342
501760,2,1,1,22865
501760,2,1,1,22860
1204224,2,1,1,54417
1204224,2,1,1,60953
802816,2,1,1,36385
802816,2,1,1,36381
802816,2,1,1,42998
1605632,2,1,1,72459
1605632,2,1,1,85985
6422528,2,1,1,306131
2580480,7,3,14,416838
2016,7,3,15,688
32,9,8,38,764
25690112,8,1,36,3470828
25690112,9,1,37,3493662
12845056,6,1,20,992708
768,39,23,120,2141
128,22,22,124,1979
384,27,19,90,1661
64,12,11,50,1061
384,32,22,126,2067
64,23,22,122,1944
288,35,22,125,2244
64,14,16,75,1199
19267584,8,1,36,2157371
6422528,6,1,20,429906
28901376,8,1,36,4493192
28901376,8,1,36,3556641
6422528,6,1,20,526551
7225344,9,1,37,866485
1605632,7,1,20,176283
9633792,8,1,36,1065622
9633792,9,1,37,1109961
1605632,5,1,20,125614
9633792,9,1,37,1135637
9633792,8,1,37,962542
1605632,6,1,20,138956
2408448,8,1,37,268616
802816,7,1,20,70256
4816896,9,1,37,587785
4816896,9,1,37,571731
802816,7,1,21,84065
4816896,9,1,37,547043
4816896,9,1,37,539447
802816,6,1,20,82195
4816896,9,1,37,545516
4816896,9,1,37,571802
802816,6,1,20,71144
640,15,8,40,851
1920,31,19,91,2131
1920,40,22,128,2545
320,32,24,117,1791
1152,31,19,91,1985
192,13,11,50,989
1152,40,22,128,2192
192,32,22,124,2092
768,15,8,40,973
768,40,22,128,2648
4816896,9,1,37,562217
4816896,9,1,37,577928
1204224,7,1,20,109365
7225344,9,1,37,884011
7225344,9,1,37,978123
1204224,6,1,20,80480
7225344,9,1,37,931120
7225344,9,1,37,829859
1204224,8,1,21,116301
1806336,9,1,37,203487
501760,7,1,21,41652
3010560,9,1,37,370951
3010560,9,1,37,349725
501760,7,1,20,40592
3010560,9,1,37,356666
3010560,9,1,37,351177
501760,7,1,21,49249
3010560,9,1,37,361834
3010560,9,1,37,344157
1003520,8,1,21,82163
2560,15,8,40,1312
64512,1,1,1,3209
81920,1,1,2,3994
1003520,6,1,12,56857
17280,1,1,1,1089
501760,7,1,13,31090
17280,1,1,1,1089
501760,5,1,12,28502
17280,1,1,1,1089
501760,5,1,12,29092
10368,1,1,1,780
1204224,7,1,13,69789
10368,1,1,1,780
1204224,5,1,12,67198
10368,1,1,1,780
1204224,5,1,11,68136
6912,1,1,1,619
802816,5,1,12,46787
6912,1,1,1,621
802816,5,1,12,47712
6912,1,1,1,621
802816,6,1,13,55711
6912,1,1,1,621
802816,4,1,11,44787
3456,1,1,1,468
1605632,5,1,12,91413
3456,1,1,1,468
1605632,5,1,12,89647
3456,1,1,1,468
1605632,5,1,11,88270
2592,1,1,1,428
6422528,5,1,12,362717
2592,1,1,1,428
6422528,4,1,11,356228
1728,1,1,1,391
12845056,4,1,11,713775
576,1,1,1,340
1024,1,1,1,340
3072,1,1,1,433
6144,1,1,1,571
6912,1,1,1,621
9216,1,1,1,725
6912,1,1,1,621
9216,1,1,1,725
12288,1,1,1,863
12288,1,1,1,863
12288,1,1,1,863
12288,1,1,1,863
12288,1,1,1,863
24576,1,1,1,1415
49152,1,1,1,2519
49152,1,1,1,2519
49152,1,1,1,2519
49152,1,1,1,2519
49152,1,1,1,2519
49152,1,1,1,2519
49152,1,1,1,2519
73728,1,1,1,3623
110592,1,1,1,5278
110592,1,1,1,5278
110592,1,1,1,5278
110592,1,1,1,5278
110592,1,1,1,5278
184320,1,1,1,8591
307200,1,1,1,14114
307200,1,1,1,14114
307200,1,1,1,14114
307200,1,1,1,14114
307200,1,1,1,14114
614400,1,1,1,27911
819200,1,1,1,37112
819200,1,1,1,37112
614400,1,1,1,27911
307200,1,1,1,14114
307200,1,1,1,14114
307200,1,1,1,14114
307200,1,1,1,14114
307200,1,1,1,14114
184320,1,1,1,8592
110592,1,1,1,5278
110592,1,1,1,5278
110592,1,1,1,5278
110592,1,1,1,5278
110592,1,1,1,5278
73728,1,1,1,3623
49152,1,1,1,2519
49152,1,1,1,2519
49152,1,1,1,2519
49152,1,1,1,2519
49152,1,1,1,2519
49152,1,1,1,2519
49152,1,1,1,2519
24576,1,1,1,1415
12288,1,1,1,863
12288,1,1,1,863
12288,1,1,1,863
12288,1,1,1,863
12288,1,1,1,863
9216,1,1,1,725
6912,1,1,1,621
9216,1,1,1,725
6912,1,1,1,621
6144,1,1,1,571
3072,1,1,1,449
1024,1,1,1,340
819200,7,3,14,131782
49152,19,12,53,31030
110592,19,12,53,70706
73728,7,3,14,11826
110592,15,9,40,53201
165888,15,9,40,79900
110592,11,6,27,35306
184320,7,3,14,29263
307200,15,9,40,148371
276480,15,9,40,133418
307200,11,6,27,99027
614400,7,3,14,98863
3072,7,3,14,799
27648,7,3,14,4301
6144,7,3,14,1137
6912,11,6,27,2172
41472,11,6,27,13096
9216,7,3,14,1550
9216,7,3,14,1551
12288,15,9,40,5561
55296,15,9,40,26243
12288,11,6,27,3674
24576,7,3,14,3833
49152,15,9,40,23276
1728,7,3,14,675
9216,7,3,14,1551
1024,7,3,14,616
32,1,1,1,335
32,1,1,1,335
2580480,1,1,1,119503
439040,2,1,1,20043
439040,2,1,1,20043
1053696,2,1,1,47964
1053696,2,1,1,47657
702464,2,1,1,31875
702464,2,1,1,37403
702464,2,1,1,31875
1404928,2,1,1,67032
1404928,2,1,1,74141
5619712,2,1,1,261781
2580480,10,3,15,416945
32,29,8,42,1229
22478848,14,1,37,3271792
22478848,14,1,37,3130568
11239424,12,1,21,1542398
768,84,23,122,2921
128,85,22,129,2806
384,64,19,94,2292
64,38,11,54,1292
384,85,22,129,2696
64,85,22,129,3013
288,85,22,129,2926
64,55,16,82,1948
16859136,14,1,37,2661396
5619712,12,1,21,663716
25288704,14,1,37,3800302
25288704,14,1,37,3768689
5619712,12,1,21,712147
6322176,14,1,37,981960
1404928,12,1,21,207971
8429568,14,1,37,1194113
8429568,14,1,37,1073821
1404928,12,1,21,251210
8429568,14,1,37,1262208
8429568,14,1,37,1408543
1404928,12,1,21,181556
2107392,14,1,37,256986
702464,12,1,21,106612
4214784,14,1,37,625725
4214784,14,1,37,623667
702464,12,1,21,82267
4214784,14,1,37,593419
4214784,14,1,37,586205
702464,12,1,21,73530
4214784,14,1,37,692524
4214784,14,1,37,635240
702464,12,1,21,91496
640,29,8,42,1164
1920,64,19,94,2448
1920,85,22,129,3667
320,81,24,122,2878
1152,64,19,94,2605
192,38,11,54,1156
1152,85,22,129,3166
192,85,22,129,2698
768,29,8,42,1365
768,85,22,129,3656
4214784,14,1,37,639759
4214784,14,1,37,621973
1053696,12,1,21,161041
6322176,14,1,37,885304
6322176,14,1,37,1028842
1053696,12,1,21,125820
6322176,14,1,37,906784
6322176,14,1,37,880192
1053696,12,1,21,142980
1580544,14,1,37,207802
439040,12,1,21,51545
2634240,14,1,37,380756
2634240,14,1,37,366816
439040,12,1,21,50896
2634240,14,1,37,369783
2634240,14,1,37,489677
439040,12,1,21,55833
2634240,14,1,37,525175
2634240,14,1,37,585229
878080,12,1,21,98701
2560,29,8,42,1405
878080,7,1,12,50568
17280,1,1,1,1089
439040,8,1,13,30235
17280,1,1,1,1089
439040,8,1,13,28834
17280,1,1,1,1089
439040,7,1,12,26836
10368,1,1,1,780
1053696,8,1,13,86991
10368,1,1,1,780
1053696,8,1,13,90216
10368,1,1,1,780
1053696,7,1,12,72225
6912,1,1,1,621
702464,8,1,13,50038
6912,1,1,1,621
702464,8,1,13,45253
6912,1,1,1,621
702464,8,1,13,51517
6912,1,1,1,621
702464,7,1,12,41471
3456,1,1,1,468
1404928,8,1,13,83175
3456,1,1,1,468
1404928,8,1,13,99880
3456,1,1,1,468
1404928,7,1,12,84399
2592,1,1,1,428
5619712,8,1,13,377694
2592,1,1,1,428
5619712,7,1,12,358522
1728,1,1,1,391
11239424,7,1,12,691075
576,1,1,1,340
1024,1,1,1,340
3072,1,1,1,449
6144,1,1,1,587
6912,1,1,1,609
9216,1,1,1,725
6912,1,1,1,621
9216,1,1,1,725
12288,1,1,1,863
12288,1,1,1,863
12288,1,1,1,863
12288,1,1,1,863
12288,1,1,1,863
24576,1,1,1,1415
49152,1,1,1,2519
49152,1,1,1,2519
49152,1,1,1,2519
49152,1,1,1,2519
49152,1,1,1,2519
49152,1,1,1,2519
49152,1,1,1,2519
73728,1,1,1,3623
110592,1,1,1,5278
110592,1,1,1,5278
110592,1,1,1,5278
110592,1,1,1,5278
110592,1,1,1,5278
184320,1,1,1,8592
307200,1,1,1,14110
307200,1,1,1,14114
307200,1,1,1,14114
307200,1,1,1,14114
307200,1,1,1,14114
614400,1,1,1,27911
819200,1,1,1,37112
819200,1,1,1,37112
614400,1,1,1,27911
307200,1,1,1,14114
307200,1,1,1,14114
307200,1,1,1,14114
307200,1,1,1,14114
307200,1,1,1,14114
184320,1,1,1,8592
110592,1,1,1,5278
110592,1,1,1,5278
110592,1,1,1,5278
110592,1,1,1,5278
110592,1,1,1,5278
73728,1,1,1,3623
49152,1,1,1,2519
49152,1,1,1,2519
49152,1,1,1,2519
49152,1,1,1,2519
49152,1,1,1,2519
49152,1,1,1,2519
49152,1,1,1,2519
24576,1,1,1,1415
12288,1,1,1,863
12288,1,1,1,863
12288,1,1,1,863
12288,1,1,1,863
12288,1,1,1,863
9216,1,1,1,725
6912,1,1,1,621
9216,1,1,1,725
6912,1,1,1,621
6144,1,1,1,571
3072,1,1,1,449
1024,1,1,1,340
819200,10,3,15,132227
49152,37,12,54,31039
110592,37,12,54,72238
73728,10,3,15,11866
110592,28,9,41,53156
165888,28,9,41,80013
110592,19,6,28,35437
184320,10,3,15,29655
307200,28,9,41,148488
276480,28,9,41,133655
307200,19,6,28,98998
614400,10,3,15,99484
3072,10,3,15,809
27648,10,3,15,4423
6144,10,3,15,1168
6912,19,6,28,2172
41472,19,6,28,13134
9216,10,3,15,1551
9216,10,3,15,1551
12288,28,9,41,5489
55296,28,9,41,26329
12288,19,6,28,3729
24576,10,3,15,3902
49152,28,9,41,23301
1728,10,3,15,704
9216,10,3,15,1551
1024,10,3,15,680
32,1,1,1,335
32,1,1,1,334
2580480,1,1,1,116325
439040,2,1,1,20042
439040,2,1,1,20043
1053696,2,1,1,47697
1053696,2,1,1,47657
702464,2,1,1,31874
702464,2,1,1,37328
702464,2,1,1,31875
1404928,2,1,1,64309
1404928,2,1,1,74437
5619712,2,1,1,281933
2580480,7,3,14,416569
32,9,8,38,787
22478848,8,1,36,2653935
22478848,8,1,36,2459758
11239424,6,1,20,1123227
768,39,23,120,2174
128,22,22,124,2020
384,27,19,90,1634
64,12,11,50,1009
384,32,22,126,2084
64,23,22,122,2027
288,35,22,125,2334
64,14,16,75,1313
16859136,8,1,36,2047237
5619712,6,1,20,443420
25288704,9,1,37,3061564
25288704,9,1,37,3222999
5619712,6,1,20,438817
6322176,8,1,36,781596
1404928,7,1,20,139211
8429568,8,1,36,937275
8429568,9,1,37,905780
1404928,5,1,20,131145
8429568,9,1,37,1022230
8429568,8,1,37,1140121
1404928,6,1,20,114260
2107392,8,1,37,204708
702464,7,1,20,70240
4214784,9,1,37,501865
4214784,9,1,37,512643
702464,7,1,21,62319
4214784,9,1,37,505254
4214784,9,1,37,476587
702464,6,1,20,49440
4214784,9,1,37,535187
4214784,9,1,37,535563
702464,6,1,20,58565
640,15,8,40,899
1920,31,19,91,2158
1920,40,22,128,2599
320,32,24,117,1938
1152,31,19,91,1985
192,13,11,50,950
1152,40,22,128,2237
192,31,22,123,2022
768,15,8,40,1132
768,40,22,128,2393
4214784,9,1,37,555633
4214784,9,1,37,534616
1053696,8,1,21,118086
6322176,9,1,37,750401
6322176,9,1,37,894867
1053696,6,1,20,79593
6322176,9,1,37,772916
6322176,9,1,37,728145
1053696,7,1,20,107274
1580544,9,1,37,172193
439040,7,1,21,38946
2634240,9,1,37,311575
2634240,9,1,37,279909
439040,7,1,20,35330
2634240,9,1,37,289999
2634240,9,1,37,417335
439040,7,1,21,38707
2634240,9,1,37,423694
2634240,9,1,37,430707
878080,8,1,21,78855
2560,15,8,40,1327
878080,6,1,12,49309
17280,1,1,1,1089
439040,7,1,13,27960
17280,1,1,1,1089
439040,5,1,12,25152
17280,1,1,1,1089
439040,5,1,12,25275
10368,1,1,1,780
1053696,6,1,12,66149
10368,1,1,1,780
1053696,5,1,12,62133
10368,1,1,1,780
1053696,6,1,12,62366
6912,1,1,1,619
702464,5,1,12,40336
6912,1,1,1,621
702464,5,1,12,39684
6912,1,1,1,621
702464,6,1,13,42698
6912,1,1,1,621
702464,4,1,11,37942
3456,1,1,1,468
1404928,5,1,12,76361
3456,1,1,1,468
1404928,5,1,12,81535
3456,1,1,1,471
1404928,5,1,11,79086
2592,1,1,1,428
5619712,5,1,12,318878
2592,1,1,1,428
5619712,4,1,11,312182
1728,1,1,1,391
11239424,4,1,11,624402
576,1,1,1,339
1024,1,1,1,340
3072,1,1,1,449
6144,1,1,1,587
6912,1,1,1,609
9216,1,1,1,725
6912,1,1,1,621
9216,1,1,1,725
12288,1,1,1,863
12288,1,1,1,863
12288,1,1,1,863
12288,1,1,1,863
12288,1,1,1,863
24576,1,1,1,1415
49152,1,1,1,2519
49152,1,1,1,2519
49152,1,1,1,2519
49152,1,1,1,2519
49152,1,1,1,2518
49152,1,1,1,2519
49152,1,1,1,2519
73728,1,1,1,3623
110592,1,1,1,5278
110592,1,1,1,5278
110592,1,1,1,5278
110592,1,1,1,5278
110592,1,1,1,5278
184320,1,1,1,8592
307200,1,1,1,14110
307200,1,1,1,14114
307200,1,1,1,14114
307200,1,1,1,14114
307200,1,1,1,14114
614400,1,1,1,27911
819200,1,1,1,37112
819200,1,1,1,37112
614400,1,1,1,27911
307200,1,1,1,14114
307200,1,1,1,14113
307200,1,1,1,14114
307200,1,1,1,14114
307200,1,1,1,14114
184320,1,1,1,8593
110592,1,1,1,5278
110592,1,1,1,5278
110592,1,1,1,5278
110592,1,1,1,5278
110592,1,1,1,5278
73728,1,1,1,3622
49152,1,1,1,2519
49152,1,1,1,2519
49152,1,1,1,2519
49152,1,1,1,2519
49152,1,1,1,2519
49152,1,1,1,2519
49152,1,1,1,2519
24576,1,1,1,1415
12288,1,1,1,863
12288,1,1,1,862
12288,1,1,1,863
12288,1,1,1,863
12288,1,1,1,863
9216,1,1,1,725
6912,1,1,1,621
9216,1,1,1,725
6912,1,1,1,621
6144,1,1,1,571
3072,1,1,1,449
1024,1,1,1,340
819200,7,3,14,132173
49152,19,12,53,31059
110592,19,12,53,70706
73728,7,3,14,11763
110592,15,9,40,53077
165888,15,9,40,79683
110592,11,6,27,35379
184320,7,3,14,29351
307200,15,9,40,148509
276480,15,9,40,133494
307200,11,6,27,98907
614400,7,3,14,99118
3072,7,3,14,794
27648,7,3,14,4364
6144,7,3,14,1137
6912,11,6,27,2172
41472,11,6,27,13122
9216,7,3,14,1551
9216,7,3,14,1551
12288,15,9,40,5442
55296,15,9,40,26196
12288,11,6,27,3759
24576,7,3,14,3747
49152,15,9,40,23225
1728,7,3,14,675
9216,7,3,14,1551
1024,7,3,14,611
32,1,1,1,334
32,1,1,1,335
2580480,1,1,1,116781
376320,2,1,1,17231
376320,2,1,1,17226
903168,2,1,1,43098
903168,2,1,1,40908
602112,2,1,1,27376
602112,2,1,1,27378
602112,2,1,1,32218
1204224,2,1,1,54424
1204224,2,1,1,64006
4816896,2,1,1,239011
2580480,10,3,15,418276
32,29,8,42,923
19267584,14,1,37,3597565
19267584,14,1,37,3662901
9633792,12,1,21,1047244
768,84,23,122,2831
128,85,22,129,3250
384,64,19,94,2286
64,38,11,54,1409
384,85,22,129,2772
64,85,22,129,2586
288,85,22,129,3266
64,55,16,82,1622
14450688,14,1,37,2075826
4816896,12,1,21,517628
21676032,14,1,37,3515359
21676032,14,1,37,3146262
4816896,12,1,21,543192
5419008,14,1,37,754745
1204224,12,1,21,161014
7225344,14,1,37,1140377
7225344,14,1,37,989429
1204224,12,1,21,231190
7225344,14,1,37,1122691
7225344,14,1,37,885872
1204224,12,1,21,145497
1806336,14,1,37,239077
602112,12,1,21,83506
3612672,14,1,37,625941
3612672,14,1,37,517980
602112,12,1,21,79354
3612672,14,1,37,567175
3612672,14,1,37,561024
602112,12,1,21,79740
3612672,14,1,37,519979
3612672,14,1,37,518230
602112,12,1,21,82716
640,29,8,42,1240
1920,64,19,94,2672
1920,85,22,129,3402
320,81,24,122,2441
1152,64,19,94,2229
192,38,11,54,1420
1152,85,22,129,3081
192,85,22,129,2888
768,29,8,42,1206
768,85,22,129,3121
3612672,14,1,37,520190
3612672,14,1,37,518509
903168,12,1,21,122323
5419008,14,1,37,903398
5419008,14,1,37,799114
903168,12,1,21,105704
5419008,14,1,37,794268
5419008,14,1,37,764039
903168,12,1,21,107754
1354752,14,1,37,227574
376320,12,1,21,47477
2257920,14,1,37,333067
2257920,14,1,37,306797
376320,12,1,21,47584
2257920,14,1,37,372150
2257920,14,1,37,332536
376320,12,1,21,46903
2257920,14,1,37,304202
2257920,14,1,37,358967
752640,12,1,21,87387
2560,29,8,42,1336
48384,1,1,1,2484
61440,1,1,2,3076
752640,7,1,12,54632
17280,1,1,1,1092
376320,8,1,13,24984
17280,1,1,1,1089
376320,8,1,13,25739
17280,1,1,1,1089
376320,7,1,12,21331
10368,1,1,1,780
903168,8,1,13,60201
10368,1,1,1,780
903168,8,1,13,58549
10368,1,1,1,780
903168,7,1,12,51469
6912,1,1,1,621
602112,8,1,13,40564
6912,1,1,1,621
602112,8,1,13,44252
6912,1,1,1,621
602112,8,1,13,50638
6912,1,1,1,621
602112,7,1,12,35625
3456,1,1,1,468
1204224,8,1,13,78412
3456,1,1,1,471
1204224,8,1,13,81905
3456,1,1,1,468
1204224,7,1,12,76398
2592,1,1,1,428
4816896,8,1,13,314431
2592,1,1,1,428
4816896,7,1,12,285443
1728,1,1,1,391
9633792,7,1,12,640053
576,1,1,1,340
1024,1,1,1,340
3072,1,1,1,449
6144,1,1,1,587
6912,1,1,1,621
9216,1,1,1,725
6912,1,1,1,621
9216,1,1,1,725
12288,1,1,1,863
12288,1,1,1,863
12288,1,1,1,863
12288,1,1,1,863
12288,1,1,1,863
24576,1,1,1,1415
49152,1,1,1,2519
49152,1,1,1,2519
49152,1,1,1,2519
49152,1,1,1,2519
49152,1,1,1,2519
49152,1,1,1,2519
49152,1,1,1,2519
73728,1,1,1,3623
110592,1,1,1,5278
110592,1,1,1,5278
110592,1,1,1,5278
110592,1,1,1,5278
110592,1,1,1,5278
184320,1,1,1,8592
307200,1,1,1,14114
307200,1,1,1,14114
307200,1,1,1,14114
307200,1,1,1,14114
307200,1,1,1,14114
614400,1,1,1,27911
819200,1,1,1,37112
819200,1,1,1,37112
614400,1,1,1,27911
307200,1,1,1,14114
307200,1,1,1,14114
307200,1,1,1,14114
307200,1,1,1,14114
307200,1,1,1,14114
184320,1,1,1,8592
110592,1,1,1,5278
110592,1,1,1,5278
110592,1,1,1,5278
110592,1,1,1,5278
110592,1,1,1,5278
73728,1,1,1,3623
49152,1,1,1,2519
49152,1,1,1,2519
49152,1,1,1,2519
49152,1,1,1,2519
49152,1,1,1,2519
49152,1,1,1,2519
49152,1,1,1,2519
24576,1,1,1,1415
12288,1,1,1,863
12288,1,1,1,863
12288,1,1,1,863
12288,1,1,1,863
12288,1,1,1,863
9216,1,1,1,725
6912,1,1,1,609
9216,1,1,1,725
6912,1,1,1,619
6144,1,1,1,571
3072,1,1,1,449
1024,1,1,1,340
819200,10,3,15,132297
49152,37,12,54,31052
110592,37,12,54,70703
73728,10,3,15,11749
110592,28,9,41,53456
165888,28,9,41,80074
110592,19,6,28,35470
184320,10,3,15,29637
307200,28,9,41,148543
276480,28,9,41,133522
307200,19,6,28,99732
614400,10,3,15,99146
3072,10,3,15,844
27648,10,3,15,4380
6144,10,3,15,1164
6912,19,6,28,2172
41472,19,6,28,13306
9216,10,3,15,1551
9216,10,3,15,1551
12288,28,9,41,5519
55296,28,9,41,26332
12288,19,6,28,3897
24576,10,3,15,3864
49152,28,9,41,23409
1728,10,3,15,680
9216,10,3,15,1551
1024,10,3,15,623
32,1,1,1,335
32,1,1,1,335
2580480,1,1,1,119689
376320,2,1,1,17229
376320,2,1,1,17226
903168,2,1,1,43117
903168,2,1,1,40909
602112,2,1,1,27376
602112,2,1,1,27378
602112,2,1,1,31907
1204224,2,1,1,54421
1204224,2,1,1,64243
4816896,2,1,1,239770
2580480,7,3,14,416034
32,9,8,38,744
19267584,8,1,36,2676790
19267584,8,1,36,2752638
9633792,6,1,20,713041
768,39,23,120,2189
128,22,22,126,2043
384,27,19,90,1658
64,12,11,50,1009
384,32,22,126,2017
64,25,22,124,2027
288,36,22,126,2375
64,14,16,75,1177
14450688,8,1,36,1549676
4816896,6,1,20,349249
21676032,9,1,37,2751825
21676032,9,1,37,2623525
4816896,7,1,21,387371
5419008,9,1,37,589327
1204224,7,1,20,115085
7225344,8,1,36,877409
7225344,9,1,37,839242
1204224,5,1,20,124158
7225344,9,1,37,896205
7225344,8,1,37,664772
1204224,6,1,20,93349
1806336,8,1,37,192919
602112,7,1,20,56596
3612672,9,1,37,476513
3612672,9,1,37,424859
602112,7,1,21,61691
3612672,9,1,37,451447
3612672,9,1,37,417069
602112,6,1,20,49649
3612672,9,1,37,397052
3612672,9,1,37,402175
602112,6,1,20,52497
640,15,8,40,1054
1920,31,19,91,2210
1920,40,22,128,2507
320,32,24,117,1813
1152,31,19,91,1903
192,13,11,50,1036
1152,40,22,128,2254
192,34,22,126,2103
768,15,8,40,981
768,40,22,128,2345
3612672,9,1,37,421194
3612672,9,1,37,416682
903168,8,1,21,98956
5419008,9,1,37,715606
5419008,9,1,37,682569
903168,6,1,20,67072
5419008,9,1,37,647639
5419008,9,1,37,607323
903168,8,1,21,82823
1354752,9,1,37,171061
376320,7,1,21,31973
2257920,9,1,37,270323
2257920,9,1,37,236218
376320,7,1,20,33108
2257920,9,1,37,292138
2257920,9,1,37,290346
376320,7,1,21,31889
2257920,9,1,37,260738
2257920,9,1,37,283042
752640,8,1,21,71371
2560,15,8,40,1306
48384,1,1,1,2484
61440,1,1,2,3076
752640,6,1,12,48305
17280,1,1,1,1092
376320,7,1,13,23082
17280,1,1,1,1089
376320,5,1,12,21307
17280,1,1,1,1089
376320,5,1,12,20137
10368,1,1,1,780
903168,7,1,13,53677
10368,1,1,1,780
903168,5,1,12,51083
10368,1,1,1,780
903168,6,1,12,50596
6912,1,1,1,621
602112,5,1,12,34512
6912,1,1,1,621
602112,5,1,12,35044
6912,1,1,1,621
602112,6,1,13,41057
6912,1,1,1,621
602112,4,1,11,32795
3456,1,1,1,468
1204224,5,1,12,66407
3456,1,1,1,468
1204224,5,1,12,69223
3456,1,1,1,468
1204224,5,1,11,66777
2592,1,1,1,428
4816896,6,1,13,281636
2592,1,1,1,428
4816896,4,1,11,264534
1728,1,1,1,391
9633792,4,1,11,540357
576,1,1,1,340
1024,1,1,1,340
3072,1,1,1,448
6144,1,1,1,587
6912,1,1,1,619
9216,1,1,1,725
6912,1,1,1,621
9216,1,1,1,725
12288,1,1,1,863
12288,1,1,1,863
12288,1,1,1,862
12288,1,1,1,863
12288,1,1,1,863
24576,1,1,1,1415
49152,1,1,1,2519
49152,1,1,1,2519
49152,1,1,1,2519
49152,1,1,1,2519
49152,1,1,1,2519
49152,1,1,1,2519
49152,1,1,1,2519
73728,1,1,1,3623
110592,1,1,1,5278
110592,1,1,1,5278
110592,1,1,1,5278
110592,1,1,1,5279
110592,1,1,1,5278
184320,1,1,1,8592
307200,1,1,1,14114
307200,1,1,1,14114
307200,1,1,1,14114
307200,1,1,1,14114
307200,1,1,1,14114
614400,1,1,1,27911
819200,1,1,1,37112
819200,1,1,1,37112
614400,1,1,1,27911
307200,1,1,1,14110
307200,1,1,1,14114
307200,1,1,1,14114
307200,1,1,1,14114
307200,1,1,1,14114
184320,1,1,1,8592
110592,1,1,1,5278
110592,1,1,1,5278
110592,1,1,1,5278
110592,1,1,1,5279
110592,1,1,1,5278
73728,1,1,1,3623
49152,1,1,1,2519
49152,1,1,1,2519
49152,1,1,1,2519
49152,1,1,1,2519
49152,1,1,1,2519
49152,1,1,1,2518
49152,1,1,1,2519
24576,1,1,1,1415
12288,1,1,1,863
12288,1,1,1,863
12288,1,1,1,863
12288,1,1,1,863
12288,1,1,1,863
9216,1,1,1,725
6912,1,1,1,609
9216,1,1,1,724
6912,1,1,1,621
6144,1,1,1,571
3072,1,1,1,449
1024,1,1,1,340
819200,7,3,14,132111
49152,19,12,53,31026
110592,19,12,53,70778
73728,7,3,14,11664
110592,15,9,40,53056
165888,15,9,40,80006
110592,11,6,27,35480
184320,7,3,14,29445
307200,15,9,40,148418
276480,15,9,40,133514
307200,11,6,27,98818
614400,7,3,14,99060
3072,7,3,14,774
27648,7,3,14,4326
6144,7,3,14,1137
6912,11,6,27,2172
41472,11,6,27,13103
9216,7,3,14,1551
9216,7,3,14,1551
12288,15,9,40,5432
55296,15,9,40,26260
12288,11,6,27,3763
24576,7,3,14,3849
49152,15,9,40,23214
1728,7,3,14,650
9216,7,3,14,1551
1024,7,3,14,594
32,1,1,1,335
32,1,1,1,335
2580480,1,1,1,119836
313600,2,1,1,14407
313600,2,1,1,16587
752640,2,1,1,37119
752640,2,1,1,38781
501760,2,1,1,22875
501760,2,1,1,26857
501760,2,1,1,26516
1003520,2,1,1,45411
1003520,2,1,1,45421
4014080,2,1,1,216275
2580480,10,3,15,417759
32,29,8,42,1261
16056320,14,1,37,2264321
16056320,14,1,37,2160944
8028160,12,1,21,816676
768,84,23,122,3104
128,85,22,129,2802
384,64,19,94,2545
64,38,11,54,1672
384,85,22,129,2986
64,85,22,129,2924
288,85,22,129,3066
64,55,16,82,1951
12042240,14,1,37,1719273
4014080,12,1,21,483164
18063360,14,1,37,2821420
18063360,14,1,37,2923695
4014080,12,1,21,535831
4515840,14,1,37,664612
1003520,12,1,21,139755
6021120,14,1,37,1062031
6021120,14,1,37,1348390
1003520,12,1,21,124638
6021120,14,1,37,923589
6021120,14,1,37,1209308
1003520,12,1,21,142825
1505280,14,1,37,189428
501760,12,1,21,50764
3010560,14,1,37,424352
3010560,14,1,37,446539
501760,12,1,21,65600
3010560,14,1,37,444755
3010560,14,1,37,421616
501760,12,1,21,55816
3010560,14,1,37,401661
3010560,14,1,37,420674
501760,12,1,21,55735
640,29,8,42,1253
1920,64,19,94,2453
1920,85,22,129,3262
320,81,24,122,2660
1152,64,19,94,2413
192,38,11,54,1320
1152,85,22,129,3203
192,85,22,129,2950
768,29,8,42,1140
768,85,22,129,2792
3010560,14,1,37,451700
3010560,14,1,37,426863
752640,12,1,21,109275
4515840,14,1,37,677620
4515840,14,1,37,682705
752640,12,1,21,87380
4515840,14,1,37,760451
4515840,14,1,37,642085
752640,12,1,21,106191
1128960,14,1,37,138417
313600,12,1,21,33943
1881600,14,1,37,289936
1881600,14,1,37,318454
313600,12,1,21,38399
1881600,14,1,37,286999
1881600,14,1,37,295025
313600,12,1,21,37957
1881600,14,1,37,319696
1881600,14,1,37,257158
627200,12,1,21,85778
2560,29,8,42,1503
627200,7,1,12,40777
17280,1,1,1,1089
313600,8,1,13,21369
17280,1,1,1,1089
313600,8,1,13,25108
17280,1,1,1,1089
313600,7,1,12,18597
10368,1,1,1,780
752640,8,1,13,52639
10368,1,1,1,780
752640,8,1,13,57139
10368,1,1,1,780
752640,7,1,12,48513
6912,1,1,1,621
501760,8,1,13,31918
6912,1,1,1,621
501760,8,1,13,34195
6912,1,1,1,621
501760,8,1,13,36458
6912,1,1,1,621
501760,7,1,12,28719
3456,1,1,1,468
1003520,8,1,13,59325
3456,1,1,1,468
1003520,8,1,13,64267
3456,1,1,1,468
1003520,7,1,12,59332
2592,1,1,1,428
4014080,8,1,13,339960
2592,1,1,1,428
4014080,7,1,12,252473
1728,1,1,1,391
8028160,7,1,12,460698
576,1,1,1,340
1024,1,1,1,340
3072,1,1,1,433
6144,1,1,1,587
6912,1,1,1,621
9216,1,1,1,725
6912,1,1,1,621
9216,1,1,1,725
12288,1,1,1,863
12288,1,1,1,863
12288,1,1,1,863
12288,1,1,1,863
12288,1,1,1,863
24576,1,1,1,1415
49152,1,1,1,2519
49152,1,1,1,2519
49152,1,1,1,2519
49152,1,1,1,2519
49152,1,1,1,2519
49152,1,1,1,2519
49152,1,1,1,2519
73728,1,1,1,3623
110592,1,1,1,5278
110592,1,1,1,5278
110592,1,1,1,5278
110592,1,1,1,5278
110592,1,1,1,5278
184320,1,1,1,8591
307200,1,1,1,14114
307200,1,1,1,14110
307200,1,1,1,14114
307200,1,1,1,14114
307200,1,1,1,14114
614400,1,1,1,27911
819200,1,1,1,37112
819200,1,1,1,37112
614400,1,1,1,27912
307200,1,1,1,14114
307200,1,1,1,14114
307200,1,1,1,14114
307200,1,1,1,14114
307200,1,1,1,14114
184320,1,1,1,8591
110592,1,1,1,5278
110592,1,1,1,5278
110592,1,1,1,5278
110592,1,1,1,5278
110592,1,1,1,5278
73728,1,1,1,3623
49152,1,1,1,2519
49152,1,1,1,2519
49152,1,1,1,2519
49152,1,1,1,2519
49152,1,1,1,2519
49152,1,1,1,2519
49152,1,1,1,2519
24576,1,1,1,1415
12288,1,1,1,863
12288,1,1,1,863
12288,1,1,1,863
12288,1,1,1,863
12288,1,1,1,863
9216,1,1,1,725
6912,1,1,1,620
9216,1,1,1,725
6912,1,1,1,619
6144,1,1,1,571
3072,1,1,1,449
1024,1,1,1,341
819200,10,3,15,132196
49152,37,12,54,31021
110592,37,12,54,70829
73728,10,3,15,11787
110592,28,9,41,53076
165888,28,9,41,79937
110592,19,6,28,36170
184320,10,3,15,29616
307200,28,9,41,148718
276480,28,9,41,133815
307200,19,6,28,99515
614400,10,3,15,99253
3072,10,3,15,815
27648,10,3,15,4421
6144,10,3,15,1144
6912,19,6,28,2186
41472,19,6,28,13162
9216,10,3,15,1551
9216,10,3,15,1551
12288,28,9,41,5506
55296,28,9,41,26343
12288,19,6,28,3874
24576,10,3,15,3940
49152,28,9,41,23311
1728,10,3,15,688
9216,10,3,15,1551
1024,10,3,15,623
32,1,1,1,335
32,1,1,1,335
2580480,1,1,1,120553
313600,2,1,1,14407
313600,2,1,1,16515
752640,2,1,1,37089
752640,2,1,1,36973
501760,2,1,1,22868
501760,2,1,1,26895
501760,2,1,1,26534
1003520,2,1,1,45411
1003520,2,1,1,45421
4014080,2,1,1,215523
2580480,7,3,14,417052
32,9,8,38,806
16056320,8,1,36,1845348
16056320,8,1,36,1758415
8028160,6,1,20,509217
768,39,23,120,2310
128,22,22,124,1973
384,27,19,90,1782
64,12,11,50,1099
384,32,22,126,2217
64,23,22,122,1916
288,35,22,125,2265
64,14,16,75,1240
12042240,8,1,36,1344568
4014080,6,1,20,334745
18063360,9,1,37,2226119
18063360,8,1,36,2309989
4014080,7,1,21,396497
4515840,8,1,36,560696
1003520,8,1,21,106022
6021120,8,1,36,783607
6021120,9,1,37,984711
1003520,5,1,20,71938
6021120,9,1,37,738996
6021120,8,1,37,889410
1003520,6,1,20,83470
1505280,8,1,37,151531
501760,7,1,20,35544
3010560,9,1,37,343952
3010560,9,1,37,350226
501760,7,1,21,42273
3010560,9,1,37,364891
3010560,9,1,37,330486
501760,6,1,20,38116
3010560,9,1,37,319806
3010560,9,1,37,348933
501760,6,1,20,37323
640,15,8,40,971
1920,31,19,91,2158
1920,40,22,128,2487
320,32,24,117,1870
1152,31,19,91,1796
192,13,11,50,1033
1152,40,22,128,2448
192,32,22,124,2075
768,15,8,40,995
768,40,22,128,2221
3010560,9,1,37,369735
3010560,9,1,37,336356
752640,8,1,21,92697
4515840,9,1,37,569034
4515840,9,1,37,541254
752640,6,1,20,59407
4515840,9,1,37,591853
4515840,9,1,37,552126
752640,8,1,21,85106
1128960,9,1,37,114324
313600,7,1,21,23901
1881600,9,1,37,235592
1881600,9,1,37,245071
313600,7,1,20,29047
1881600,9,1,37,240608
1881600,9,1,37,237003
313600,7,1,21,25846
1881600,9,1,37,252516
1881600,9,1,37,209831
627200,8,1,21,62736
2560,15,8,40,1387
627200,6,1,12,36912
17280,1,1,1,1089
313600,7,1,13,19303
17280,1,1,1,1089
313600,5,1,12,18616
17280,1,1,1,1089
313600,5,1,12,17405
10368,1,1,1,780
752640,7,1,13,47671
10368,1,1,1,780
752640,5,1,12,44293
10368,1,1,1,780
752640,6,1,12,44300
6912,1,1,1,621
501760,5,1,12,28447
6912,1,1,1,621
501760,5,1,12,28730
6912,1,1,1,621
501760,6,1,13,30038
6912,1,1,1,621
501760,4,1,11,26836
3456,1,1,1,468
1003520,5,1,12,54695
3456,1,1,1,468
1003520,5,1,12,56637
3456,1,1,1,468
1003520,6,1,12,57357
2592,1,1,1,428
4014080,6,1,13,271168
2592,1,1,1,428
4014080,4,1,11,220926
1728,1,1,1,391
8028160,4,1,11,436727
576,1,1,1,340
1024,1,1,1,340
3072,1,1,1,433
6144,1,1,1,586
6912,1,1,1,621
9216,1,1,1,725
6912,1,1,1,620
9216,1,1,1,725
12288,1,1,1,863
12288,1,1,1,863
12288,1,1,1,863
12288,1,1,1,863
12288,1,1,1,863
24576,1,1,1,1415
49152,1,1,1,2519
49152,1,1,1,2519
49152,1,1,1,2519
49152,1,1,1,2519
49152,1,1,1,2519
49152,1,1,1,2519
49152,1,1,1,2518
73728,1,1,1,3623
110592,1,1,1,5278
110592,1,1,1,5279
110592,1,1,1,5278
110592,1,1,1,5278
110592,1,1,1,5278
184320,1,1,1,8591
307200,1,1,1,14114
307200,1,1,1,14110
307200,1,1,1,14114
307200,1,1,1,14114
307200,1,1,1,14114
614400,1,1,1,27911
819200,1,1,1,37112
819200,1,1,1,37112
614400,1,1,1,27911
307200,1,1,1,14114
307200,1,1,1,14114
307200,1,1,1,14114
307200,1,1,1,14114
307200,1,1,1,14114
184320,1,1,1,8591
110592,1,1,1,5278
110592,1,1,1,5277
110592,1,1,1,5278
110592,1,1,1,5278
110592,1,1,1,5278
73728,1,1,1,3623
49152,1,1,1,2519
49152,1,1,1,2519
49152,1,1,1,2518
49152,1,1,1,2519
49152,1,1,1,2519
49152,1,1,1,2519
49152,1,1,1,2519
24576,1,1,1,1415
12288,1,1,1,863
12288,1,1,1,863
12288,1,1,1,863
12288,1,1,1,863
12288,1,1,1,863
9216,1,1,1,725
6912,1,1,1,621
9216,1,1,1,725
6912,1,1,1,619
6144,1,1,1,571
3072,1,1,1,449
1024,1,1,1,340
819200,7,3,14,132052
49152,19,12,53,30947
110592,19,12,53,71203
73728,7,3,14,11749
110592,15,9,40,53018
165888,15,9,40,79970
110592,11,6,27,35460
184320,7,3,14,29530
307200,15,9,40,148449
276480,15,9,40,133501
307200,11,6,27,98967
614400,7,3,14,99114
3072,7,3,14,775
27648,7,3,14,4277
6144,7,3,14,1137
6912,11,6,27,2172
41472,11,6,27,13124
9216,7,3,14,1550
9216,7,3,14,1551
12288,15,9,40,5374
55296,15,9,40,26349
12288,11,6,27,3719
24576,7,3,14,3793
49152,15,9,40,23239
1728,7,3,14,661
9216,7,3,14,1551
1024,7,3,14,594
32,1,1,1,335
32,1,1,1,335
2580480,1,1,1,116648
32,2,1,1,340
627200,2,1,1,28501
627200,2,1,1,28496
1505280,2,1,1,67974
1505280,2,1,1,80687
1003520,2,1,1,45417
1003520,2,1,1,53591
1003520,2,1,1,45421
2007040,2,1,1,90517
2007040,2,1,1,107485
8028160,2,1,1,432073
2580480,10,3,15,417159
2016,10,3,16,723
32,29,8,42,1061
32112640,14,1,37,5453381
32112640,14,1,37,4397871
16056320,12,1,21,1755477
768,84,23,122,2721
128,85,22,129,2812
384,64,19,94,2176
64,38,11,54,1434
384,85,22,129,2536
64,85,22,129,2720
288,85,22,129,3480
64,55,16,82,2099
24084480,14,1,37,3295798
8028160,12,1,21,940767
36126720,14,1,37,5386772
36126720,14,1,37,6352510
8028160,12,1,21,1349326
9031680,14,1,37,1541650
2007040,12,1,21,285362
12042240,14,1,37,1753658
12042240,14,1,37,1838148
2007040,12,1,21,295215
12042240,14,1,37,2418415
12042240,14,1,37,2023439
2007040,12,1,21,258473
3010560,14,1,37,365912
1003520,12,1,21,125096
6021120,14,1,37,838452
6021120,14,1,37,944855
1003520,12,1,21,139159
6021120,14,1,37,883566
6021120,14,1,37,860333
1003520,12,1,21,139363
6021120,14,1,37,859781
6021120,14,1,37,1005043
1003520,12,1,21,130988
640,29,8,42,926
1920,64,19,94,2493
1920,85,22,129,3110
320,81,24,122,2531
1152,64,19,94,2462
192,38,11,54,1571
1152,85,22,129,3302
192,85,22,129,2741
768,29,8,42,1140
768,85,22,129,3024
6021120,14,1,37,873666
6021120,14,1,37,838641
1505280,12,1,21,249794
9031680,14,1,37,1438912
9031680,14,1,37,1410053
1505280,12,1,21,203231
9031680,14,1,37,1287871
9031680,14,1,37,1449344
1505280,12,1,21,205570
2257920,14,1,37,330952
627200,12,1,21,79721
3763200,14,1,37,571691
3763200,14,1,37,529703
627200,12,1,21,106363
3763200,14,1,37,600704
3763200,14,1,37,536904
627200,12,1,21,83911
3763200,14,1,37,563297
3763200,14,1,37,512110
1254400,12,1,21,157665
2560,29,8,42,1487
80640,1,1,1,3933
102400,1,1,2,4916
1254400,7,1,12,77723
17280,1,1,1,1089
627200,8,1,13,42515
17280,1,1,1,1089
627200,8,1,13,43061
17280,1,1,1,1089
627200,7,1,12,38073
10368,1,1,1,780
1505280,8,1,13,100067
10368,1,1,1,780
1505280,8,1,13,89301
10368,1,1,1,780
1505280,7,1,12,91647
6912,1,1,1,621
1003520,8,1,13,67587
6912,1,1,1,621
1003520,8,1,13,69699
6912,1,1,1,621
1003520,8,1,13,76550
6912,1,1,1,621
1003520,7,1,12,60404
3456,1,1,1,468
2007040,8,1,13,142437
3456,1,1,1,471
2007040,8,1,13,136092
3456,1,1,1,468
2007040,7,1,12,124545
2592,1,1,1,428
8028160,8,1,13,712598
2592,1,1,1,428
8028160,7,1,12,507441
1728,1,1,1,390
16056320,7,1,12,936406
576,1,1,1,340
1024,1,1,1,340
3072,1,1,1,449
6144,1,1,1,587
6912,1,1,1,621
9216,1,1,1,725
6912,1,1,1,621
9216,1,1,1,725
12288,1,1,1,863
12288,1,1,1,863
12288,1,1,1,863
12288,1,1,1,863
12288,1,1,1,863
24576,1,1,1,1415
49152,1,1,1,2519
49152,1,1,1,2519
49152,1,1,1,2519
49152,1,1,1,2519
49152,1,1,1,2519
49152,1,1,1,2519
49152,1,1,1,2519
73728,1,1,1,3623
110592,1,1,1,5278
110592,1,1,1,5278
110592,1,1,1,5278
110592,1,1,1,5278
110592,1,1,1,5278
184320,1,1,1,8591
307200,1,1,1,14114
307200,1,1,1,14114
307200,1,1,1,14114
307200,1,1,1,14114
307200,1,1,1,14114
614400,1,1,1,27911
819200,1,1,1,37112
819200,1,1,1,37112
614400,1,1,1,27911
307200,1,1,1,14110
307200,1,1,1,14114
307200,1,1,1,14114
307200,1,1,1,14114
307200,1,1,1,14114
184320,1,1,1,8591
110592,1,1,1,5278
110592,1,1,1,5278
110592,1,1,1,5278
110592,1,1,1,5278
110592,1,1,1,5278
73728,1,1,1,3623
49152,1,1,1,2519
49152,1,1,1,2519
49152,1,1,1,2519
49152,1,1,1,2519
49152,1,1,1,2519
49152,1,1,1,2519
49152,1,1,1,2519
24576,1,1,1,1415
12288,1,1,1,863
12288,1,1,1,863
12288,1,1,1,863
12288,1,1,1,863
12288,1,1,1,863
9216,1,1,1,725
6912,1,1,1,621
9216,1,1,1,725
6912,1,1,1,621
6144,1,1,1,571
3072,1,1,1,449
1024,1,1,1,340
819200,10,3,15,132218
49152,37,12,54,31039
110592,37,12,54,70782
73728,10,3,15,11653
110592,28,9,41,54707
165888,28,9,41,80908
110592,19,6,28,36405
184320,10,3,15,29691
307200,28,9,41,148683
276480,28,9,41,133615
307200,19,6,28,99474
614400,10,3,15,99560
3072,10,3,15,809
27648,10,3,15,4366
6144,10,3,15,1144
6912,19,6,28,2205
41472,19,6,28,13162
9216,10,3,15,1551
9216,10,3,15,1596
12288,28,9,41,6155
55296,28,9,41,26241
12288,19,6,28,3753
24576,10,3,15,3883
49152,28,9,41,23305
1728,10,3,15,668
9216,10,3,15,1551
1024,10,3,15,595
32,1,1,1,335
32,1,1,1,335
2580480,1,1,1,117417
32,2,1,1,340
627200,2,1,1,28503
627200,2,1,1,28496
1505280,2,1,1,74615
1505280,2,1,1,80621
1003520,2,1,1,45407
1003520,2,1,1,53576
1003520,2,1,1,45418
2007040,2,1,1,91095
2007040,2,1,1,107526
8028160,2,1,1,432145
2580480,7,3,14,416022
2016,7,3,15,723
32,9,8,38,804
32112640,8,1,36,4113999
32112640,8,1,36,3596131
16056320,6,1,20,1181339
768,39,23,120,2129
128,23,22,124,1988
384,27,19,90,1713
64,12,11,50,1030
384,32,22,126,2062
64,23,22,122,1885
288,34,22,124,2355
64,14,16,75,1258
24084480,8,1,36,2698982
8028160,6,1,20,623957
36126720,8,1,36,4374112
36126720,8,1,36,4684212
8028160,7,1,21,884659
9031680,8,1,36,1151439
2007040,7,1,20,192222
12042240,8,1,36,1400229
12042240,9,1,37,1535730
2007040,5,1,20,158313
12042240,9,1,37,1935706
12042240,8,1,37,1541107
2007040,6,1,20,157446
3010560,8,1,37,283091
1003520,7,1,20,93297
6021120,9,1,37,649347
6021120,9,1,37,783914
1003520,7,1,21,94318
6021120,9,1,37,756316
6021120,9,1,37,712596
1003520,6,1,20,86078
6021120,9,1,37,679428
6021120,9,1,37,783683
1003520,6,1,20,83378
640,15,8,40,830
1920,31,19,91,2131
1920,40,22,128,2490
320,32,24,117,1869
1152,31,19,91,1865
192,13,11,50,1119
1152,40,22,128,2421
192,32,22,124,2096
768,15,8,40,973
768,40,22,128,2292
6021120,9,1,37,743819
6021120,9,1,37,675864
1505280,7,1,20,165990
9031680,9,1,37,1127498
9031680,9,1,37,1155481
1505280,6,1,20,127708
9031680,9,1,37,997785
9031680,9,1,37,1096634
1505280,8,1,21,157472
2257920,9,1,37,259610
627200,7,1,21,54940
3763200,9,1,37,462970
3763200,9,1,37,436130
627200,7,1,20,69540
3763200,9,1,37,486708
3763200,9,1,37,428573
627200,7,1,21,62333
3763200,9,1,37,440181
3763200,9,1,37,429175
1254400,8,1,21,116665
2560,15,8,40,1367
80640,1,1,1,3933
102400,1,1,2,4916
1254400,6,1,12,72578
17280,1,1,1,1089
627200,7,1,13,37730
17280,1,1,1,1092
627200,5,1,12,35582
17280,1,1,1,1089
627200,5,1,12,34812
10368,1,1,1,780
1505280,7,1,13,93211
10368,1,1,1,780
1505280,5,1,12,81987
10368,1,1,1,780
1505280,5,1,11,85072
6912,1,1,1,621
1003520,5,1,12,57120
6912,1,1,1,619
1003520,5,1,12,58043
6912,1,1,1,619
1003520,6,1,13,64044
6912,1,1,1,621
1003520,4,1,11,55461
3456,1,1,1,471
2007040,5,1,12,116048
3456,1,1,1,468
2007040,5,1,12,111323
3456,1,1,1,468
2007040,5,1,11,112549
2592,1,1,1,428
8028160,6,1,13,551374
2592,1,1,1,428
8028160,4,1,11,440298
1728,1,1,1,390
16056320,4,1,11,877770
576,1,1,1,340
1024,1,1,1,340
3072,1,1,1,449
6144,1,1,1,587
6912,1,1,1,621
9216,1,1,1,725
6912,1,1,1,621
9216,1,1,1,725
12288,1,1,1,863
12288,1,1,1,863
12288,1,1,1,863
12288,1,1,1,863
12288,1,1,1,863
24576,1,1,1,1415
49152,1,1,1,2519
49152,1,1,1,2519
49152,1,1,1,2519
49152,1,1,1,2519
49152,1,1,1,2519
49152,1,1,1,2519
49152,1,1,1,2519
73728,1,1,1,3623
110592,1,1,1,5278
110592,1,1,1,5278
110592,1,1,1,5278
110592,1,1,1,5278
110592,1,1,1,5278
184320,1,1,1,8591
307200,1,1,1,14114
307200,1,1,1,14113
307200,1,1,1,14114
307200,1,1,1,14113
307200,1,1,1,14114
614400,1,1,1,27911
819200,1,1,1,37112
819200,1,1,1,37113
614400,1,1,1,27911
307200,1,1,1,14110
307200,1,1,1,14114
307200,1,1,1,14114
307200,1,1,1,14114
307200,1,1,1,14114
184320,1,1,1,8591
110592,1,1,1,5278
110592,1,1,1,5278
110592,1,1,1,5278
110592,1,1,1,5278
110592,1,1,1,5278
73728,1,1,1,3623
49152,1,1,1,2519
49152,1,1,1,2519
49152,1,1,1,2519
49152,1,1,1,2519
49152,1,1,1,2519
49152,1,1,1,2519
49152,1,1,1,2519
24576,1,1,1,1415
12288,1,1,1,863
12288,1,1,1,863
12288,1,1,1,863
12288,1,1,1,863
12288,1,1,1,863
9216,1,1,1,725
6912,1,1,1,621
9216,1,1,1,725
6912,1,1,1,621
6144,1,1,1,571
3072,1,1,1,449
1024,1,1,1,340
819200,7,3,14,131845
49152,19,12,53,31002
110592,19,12,53,70661
73728,7,3,14,11640
110592,15,9,40,53185
165888,15,9,40,79693
110592,11,6,27,35455
184320,7,3,14,29636
307200,15,9,40,148738
276480,15,9,40,133539
307200,11,6,27,98924
614400,7,3,14,98597
3072,7,3,14,787
27648,7,3,14,4316
6144,7,3,14,1138
6912,11,6,27,2172
41472,11,6,27,13102
9216,7,3,14,1551
9216,7,3,14,1551
12288,15,9,40,5520
55296,15,9,40,26304
12288,11,6,27,3712
24576,7,3,14,3847
49152,15,9,40,23105
1728,7,3,14,640
9216,7,3,14,1551
1024,7,3,14,568
32,1,1,1,335
32,1,1,1,335
2580480,1,1,1,116258
32,2,1,1,342
564480,2,1,1,25677
564480,2,1,1,25677
1354752,2,1,1,61184
1354752,2,1,1,71524
903168,2,1,1,40898
903168,2,1,1,47453
903168,2,1,1,40898
1806336,2,1,1,81470
1806336,2,1,1,96112
7225344,2,1,1,373962
2580480,10,3,15,417806
2016,10,3,16,742
32,29,8,42,930
28901376,14,1,37,4308503
28901376,14,1,37,3704333
14450688,12,1,21,1635755
768,84,23,122,2667
128,85,22,129,2766
384,64,19,94,2130
64,38,11,54,1358
384,85,22,129,3071
64,85,22,129,2744
288,85,22,129,3284
64,55,16,82,1827
21676032,14,1,37,3237154
7225344,12,1,21,921279
32514048,14,1,37,4568910
32514048,14,1,37,4975177
7225344,12,1,21,851639
8128512,14,1,37,1341512
1806336,12,1,21,248314
10838016,14,1,37,1581158
10838016,14,1,37,1594835
1806336,12,1,21,259815
10838016,14,1,37,1710068
10838016,14,1,37,1518943
1806336,12,1,21,199143
2709504,14,1,37,394868
903168,12,1,21,124662
5419008,14,1,37,690554
5419008,14,1,37,760357
903168,12,1,21,120272
5419008,14,1,37,777587
5419008,14,1,37,772064
903168,12,1,21,193447
5419008,14,1,37,749493
5419008,14,1,37,726925
903168,12,1,21,116850
640,29,8,42,1033
1920,64,19,94,2731
1920,85,22,129,3255
320,81,24,122,2766
1152,64,19,94,2375
192,38,11,54,1151
1152,85,22,129,3700
192,85,22,129,2955
768,29,8,42,1096
768,85,22,129,3040
5419008,14,1,37,762024
5419008,14,1,37,708045
1354752,12,1,21,169591
8128512,14,1,37,1348643
8128512,14,1,37,1691409
1354752,12,1,21,240753
8128512,14,1,37,1415297
8128512,14,1,37,1513725
1354752,12,1,21,215389
2032128,14,1,37,264748
564480,12,1,21,55989
3386880,14,1,37,492401
3386880,14,1,37,504423
564480,12,1,21,83778
3386880,14,1,37,518982
3386880,14,1,37,453989
564480,12,1,21,77636
3386880,14,1,37,460112
3386880,14,1,37,487707
1128960,12,1,21,133665
2560,29,8,42,1577
1128960,7,1,12,69830
17280,1,1,1,1089
564480,8,1,13,41599
17280,1,1,1,1089
564480,8,1,13,37555
17280,1,1,1,1089
564480,7,1,12,31970
10368,1,1,1,780
1354752,8,1,13,94887
10368,1,1,1,780
1354752,8,1,13,88719
10368,1,1,1,780
1354752,7,1,12,82584
6912,1,1,1,621
903168,8,1,13,58993
6912,1,1,1,621
903168,8,1,13,71372
6912,1,1,1,621
903168,8,1,13,59528
6912,1,1,1,621
903168,7,1,12,53556
3456,1,1,1,468
1806336,8,1,13,126477
3456,1,1,1,468
1806336,8,1,13,116858
3456,1,1,1,468
1806336,7,1,12,134048
2592,1,1,1,428
7225344,8,1,13,478531
2592,1,1,1,428
7225344,7,1,12,433839
1728,1,1,1,391
14450688,7,1,12,833829
576,1,1,1,340
1024,1,1,1,340
3072,1,1,1,449
6144,1,1,1,587
6912,1,1,1,621
9216,1,1,1,725
6912,1,1,1,621
9216,1,1,1,725
12288,1,1,1,863
12288,1,1,1,863
12288,1,1,1,863
12288,1,1,1,863
12288,1,1,1,863
24576,1,1,1,1415
49152,1,1,1,2519
49152,1,1,1,2519
49152,1,1,1,2519
49152,1,1,1,2519
49152,1,1,1,2519
49152,1,1,1,2519
49152,1,1,1,2519
73728,1,1,1,3623
110592,1,1,1,5278
110592,1,1,1,5278
110592,1,1,1,5278
110592,1,1,1,5278
110592,1,1,1,5278
184320,1,1,1,8592
307200,1,1,1,14114
307200,1,1,1,14114
307200,1,1,1,14114
307200,1,1,1,14114
307200,1,1,1,14114
614400,1,1,1,27911
819200,1,1,1,37112
819200,1,1,1,37112
614400,1,1,1,27911
307200,1,1,1,14114
307200,1,1,1,14114
307200,1,1,1,14114
307200,1,1,1,14114
307200,1,1,1,14110
184320,1,1,1,8592
110592,1,1,1,5278
110592,1,1,1,5279
110592,1,1,1,5278
110592,1,1,1,5278
110592,1,1,1,5278
73728,1,1,1,3623
49152,1,1,1,2519
49152,1,1,1,2519
49152,1,1,1,2519
49152,1,1,1,2519
49152,1,1,1,2519
49152,1,1,1,2519
49152,1,1,1,2519
24576,1,1,1,1415
12288,1,1,1,863
12288,1,1,1,863
12288,1,1,1,863
12288,1,1,1,863
12288,1,1,1,863
9216,1,1,1,725
6912,1,1,1,621
9216,1,1,1,725
6912,1,1,1,621
6144,1,1,1,571
3072,1,1,1,449
1024,1,1,1,341
819200,10,3,15,132441
49152,37,12,54,31023
110592,37,12,54,70758
73728,10,3,15,11771
110592,28,9,41,53111
165888,28,9,41,80142
110592,19,6,28,36094
184320,10,3,15,29744
307200,28,9,41,148553
276480,28,9,41,134350
307200,19,6,28,99076
614400,10,3,15,99377
3072,10,3,15,794
27648,10,3,15,4347
6144,10,3,15,1182
6912,19,6,28,2172
41472,19,6,28,13116
9216,10,3,15,1551
9216,10,3,15,1568
12288,28,9,41,5565
55296,28,9,41,26205
12288,19,6,28,3636
24576,10,3,15,3871
49152,28,9,41,23360
1728,10,3,15,668
9216,10,3,15,1551
1024,10,3,15,635
32,1,1,1,335
32,1,1,1,335
2580480,1,1,1,117069
32,2,1,1,342
564480,2,1,1,25677
564480,2,1,1,25677
1354752,2,1,1,61555
1354752,2,1,1,71665
903168,2,1,1,40898
903168,2,1,1,47098
903168,2,1,1,40898
1806336,2,1,1,81470
1806336,2,1,1,96009
7225344,2,1,1,368241
2580480,7,3,14,416930
2016,7,3,15,723
32,9,8,38,747
28901376,8,1,36,3316375
28901376,8,1,36,2916768
14450688,6,1,20,1071846
768,39,23,120,2181
128,22,22,124,1989
384,27,19,90,1637
64,12,11,50,1039
384,32,22,126,2262
64,24,22,122,1948
288,35,22,125,2392
64,14,16,75,1243
21676032,8,1,36,2516219
7225344,6,1,20,640381
32514048,8,1,36,3683571
32514048,8,1,36,3716934
7225344,7,1,21,655968
8128512,9,1,37,1106401
1806336,7,1,20,179457
10838016,8,1,36,1247862
10838016,9,1,37,1292927
1806336,5,1,20,141031
10838016,9,1,37,1327498
10838016,8,1,37,1233825
1806336,7,1,20,148705
2709504,8,1,37,290437
903168,7,1,20,88088
5419008,9,1,37,580999
5419008,9,1,37,654646
903168,7,1,21,82823
5419008,9,1,37,615358
5419008,9,1,37,664789
903168,6,1,20,116279
5419008,9,1,37,613598
5419008,9,1,37,609117
903168,6,1,20,69760
640,15,8,40,856
1920,31,19,91,2137
1920,40,22,128,2530
320,32,24,117,2055
1152,31,19,91,1912
192,13,11,50,944
1152,40,22,128,2522
192,32,22,124,2081
768,15,8,40,992
768,40,22,128,2248
5419008,9,1,37,654788
5419008,9,1,37,596531
1354752,7,1,20,122985
8128512,9,1,37,1085167
8128512,9,1,37,1417531
1354752,6,1,20,143969
8128512,9,1,37,1186379
8128512,9,1,37,1094005
1354752,8,1,21,159327
2032128,9,1,37,214012
564480,7,1,21,40300
3386880,9,1,37,407629
3386880,9,1,37,413788
564480,7,1,20,54750
3386880,9,1,37,417973
3386880,9,1,37,371579
564480,7,1,21,53738
3386880,9,1,37,390424
3386880,9,1,37,366370
1128960,8,1,21,94456
2560,15,8,40,1375
1128960,6,1,12,65452
17280,1,1,1,1089
564480,7,1,13,37236
17280,1,1,1,1089
564480,5,1,12,32150
17280,1,1,1,1089
564480,5,1,12,30578
10368,1,1,1,780
1354752,7,1,13,87589
10368,1,1,1,780
1354752,5,1,12,76426
10368,1,1,1,780
1354752,5,1,11,76105
6912,1,1,1,621
903168,5,1,12,50828
6912,1,1,1,621
903168,5,1,12,55209
6912,1,1,1,621
903168,6,1,13,52984
6912,1,1,1,621
903168,4,1,11,49002
3456,1,1,1,468
1806336,5,1,12,103392
3456,1,1,1,468
1806336,5,1,12,101411
3456,1,1,1,468
1806336,5,1,11,107711
2592,1,1,1,428
7225344,6,1,13,422775
2592,1,1,1,428
7225344,4,1,11,400173
1728,1,1,1,391
14450688,4,1,11,789158
576,1,1,1,340
1024,1,1,1,340
3072,1,1,1,449
6144,1,1,1,587
6912,1,1,1,621
9216,1,1,1,725
6912,1,1,1,621
9216,1,1,1,725
12288,1,1,1,863
12288,1,1,1,863
12288,1,1,1,863
12288,1,1,1,863
12288,1,1,1,863
24576,1,1,1,1415
49152,1,1,1,2519
49152,1,1,1,2519
49152,1,1,1,2519
49152,1,1,1,2519
49152,1,1,1,2519
49152,1,1,1,2519
49152,1,1,1,2519
73728,1,1,1,3623
110592,1,1,1,5278
110592,1,1,1,5278
110592,1,1,1,5278
110592,1,1,1,5278
110592,1,1,1,5278
184320,1,1,1,8592
307200,1,1,1,14114
307200,1,1,1,14114
307200,1,1,1,14114
307200,1,1,1,14114
307200,1,1,1,14114
614400,1,1,1,27911
819200,1,1,1,37113
819200,1,1,1,37112
614400,1,1,1,27911
307200,1,1,1,14112
307200,1,1,1,14114
307200,1,1,1,14114
307200,1,1,1,14114
307200,1,1,1,14110
184320,1,1,1,8592
110592,1,1,1,5278
110592,1,1,1,5278
110592,1,1,1,5278
110592,1,1,1,5278
110592,1,1,1,5278
73728,1,1,1,3623
49152,1,1,1,2519
49152,1,1,1,2519
49152,1,1,1,2519
49152,1,1,1,2519
49152,1,1,1,2519
49152,1,1,1,2519
49152,1,1,1,2519
24576,1,1,1,1415
12288,1,1,1,863
12288,1,1,1,863
12288,1,1,1,863
12288,1,1,1,863
12288,1,1,1,863
9216,1,1,1,725
6912,1,1,1,621
9216,1,1,1,725
6912,1,1,1,619
6144,1,1,1,571
3072,1,1,1,449
1024,1,1,1,340
819200,7,3,14,132238
49152,19,12,53,30986
110592,19,12,53,70610
73728,7,3,14,11597
110592,15,9,40,53013
165888,15,9,40,79945
110592,11,6,27,35266
184320,7,3,14,29436
307200,15,9,40,148191
276480,15,9,40,133646
307200,11,6,27,98765
614400,7,3,14,99048
3072,7,3,14,774
27648,7,3,14,4242
6144,7,3,14,1144
6912,11,6,27,2172
41472,11,6,27,13089
9216,7,3,14,1551
9216,7,3,14,1551
12288,15,9,40,5487
55296,15,9,40,26232
12288,11,6,27,3636
24576,7,3,14,3847
49152,15,9,40,23418
1728,7,3,14,647
9216,7,3,14,1551
1024,7,3,14,608
